"date","nation","county","state","statename","race","cases","stateReports","totalRaceCases","totalEthnicityCases","totalCases","totalDeaths","deaths","totalRaceDeaths","totalEthnicityDeaths","racePopulation","caserate","deathrate","populationTot","percentPop","Show","dataType","percentRaceCases","percentEthnicityCases","percentRaceDeaths","percentEthnicityDeaths","percentRaceEthnicityCases","percentRaceEthnicityDeaths","caserateRace","caserateEthnicity","caserateRaceEthnicity","deathrateRace","deathrateEthnicity","deathrateRaceEthnicity","racePop","ethnicityPop","raceEthnicityPop","percentCases","casesPopProportion","disparity"
2020-09-23,"","",1,"Alabama","African American Alone",33099,"race alone, unknown ethnicity",88648,71113,147153,2488,921,2250,2044,1334893,2480,69,4864680,27,"Yes","Race",37,-9999,41,-9999,-9999,-9999,2480,-9999,-9999,69,-9999,-9999,1334893,-9999,-9999,37,36.15625,"Yes"
2020-09-23,"","",1,"Alabama","White Alone",44874,"race alone, unknown ethnicity",88648,71113,147153,2488,1267,2250,2044,3398104,1321,37,4864680,70,"Yes","Race",51,-9999,56,-9999,-9999,-9999,1321,-9999,-9999,37,-9999,-9999,3398104,-9999,-9999,51,49.8429752066116,"Yes"
2020-09-23,"","",1,"Alabama","Asian Alone",516,"race alone, unknown ethnicity",88648,71113,147153,2488,8,2250,2044,84654,610,9,4864680,2,"Yes","Race",1,-9999,0,-9999,-9999,-9999,610,-9999,-9999,9,-9999,-9999,84654,-9999,-9999,1,-0.333333333333333,"No"
2020-09-23,"","",1,"Alabama","Hispanic",7523,"race alone, unknown ethnicity",88648,71113,147153,2488,67,2250,2044,203146,3703,33,4864680,4,"Yes","Ethnicity",-9999,11,-9999,3,-9999,-9999,-9999,3703,-9999,-9999,33,-9999,-9999,203146,-9999,11,10.4666666666667,"No"
2020-09-23,"","",1,"Alabama","Non Hispanic",63590,"race alone, unknown ethnicity",88648,71113,147153,2488,1977,2250,2044,4661534,1364,42,4864680,96,"Yes","Ethnicity",-9999,89,-9999,97,-9999,-9999,-9999,1364,-9999,-9999,42,-9999,-9999,4661534,-9999,89,87.9621621621622,"Yes"
2020-09-23,"","",1,"Alabama","Race Missing",58502,"race alone, unknown ethnicity",88648,71113,147153,2488,236,2250,2044,-9999,-9999,-9999,4864680,-9999,"0000","Race",60,-9999,91,-9999,-9999,-9999,-9999,-9999,-9999,-9999,-9999,-9999,-9999,-9999,-9999,60,-9999,
2020-09-23,"","",1,"Alabama","Ethnicity Missing",76026,"race alone, unknown ethnicity",88648,71113,147153,2488,444,2250,2044,-9999,-9999,-9999,4864680,-9999,"0000","Ethnicity",-9999,48,-9999,82,-9999,-9999,-9999,-9999,-9999,-9999,-9999,-9999,-9999,-9999,-9999,48,-9999,
2020-09-23,"","",2,"Alaska","African American Alone",280,"race alone, unknown ethnicity",4442,3321,7941,45,1,43,41,36217,773,3,738516,5,"Yes","Race",6,-9999,2,-9999,-9999,-9999,773,-9999,-9999,3,-9999,-9999,36217,-9999,-9999,6,5.09090909090909,"No"
2020-09-23,"","",2,"Alaska","White Alone",1865,"race alone, unknown ethnicity",4442,3321,7941,45,18,43,41,534625,349,3,738516,72,"Yes","Race",42,-9999,42,-9999,-9999,-9999,349,-9999,-9999,3,-9999,-9999,534625,-9999,-9999,42,40.7368421052632,"Yes"
2020-09-23,"","",2,"Alaska","American Natives Alone",1310,"race alone, unknown ethnicity",4442,3321,7941,45,16,43,41,145816,898,11,738516,20,"Yes","Race",29,-9999,37,-9999,-9999,-9999,898,-9999,-9999,11,-9999,-9999,145816,-9999,-9999,29,28.1836734693878,"No"
2020-09-23,"","",2,"Alaska","Asian Alone",198,"race alone, unknown ethnicity",4442,3321,7941,45,3,43,41,61274,323,5,738516,8,"Yes","Race",4,-9999,7,-9999,-9999,-9999,323,-9999,-9999,5,-9999,-9999,61274,-9999,-9999,4,2.66666666666667,"No"
2020-09-23,"","",2,"Alaska","NHPI Alone",269,"race alone, unknown ethnicity",4442,3321,7941,45,5,43,41,14412,1867,35,738516,2,"Yes","Race",6,-9999,12,-9999,-9999,-9999,1867,-9999,-9999,35,-9999,-9999,14412,-9999,-9999,6,5.5,"No"
2020-09-23,"","",2,"Alaska","Hispanic",435,"race alone, unknown ethnicity",4442,3321,7941,45,1,43,41,51186,850,2,738516,7,"Yes","Ethnicity",-9999,13,-9999,2,-9999,-9999,-9999,850,-9999,-9999,2,-9999,-9999,51186,-9999,13,12.3,"No"
2020-09-23,"","",2,"Alaska","Non Hispanic",2886,"race alone, unknown ethnicity",4442,3321,7941,45,40,43,41,687330,420,6,738516,93,"Yes","Ethnicity",-9999,87,-9999,98,-9999,-9999,-9999,420,-9999,-9999,6,-9999,-9999,687330,-9999,87,85.9666666666667,"Yes"
2020-09-23,"","",2,"Alaska","Race Missing",3499,"race alone, unknown ethnicity",4442,3321,7941,45,2,43,41,-9999,-9999,-9999,738516,-9999,"0000","Race",56,-9999,96,-9999,-9999,-9999,-9999,-9999,-9999,-9999,-9999,-9999,-9999,-9999,-9999,56,-9999,
2020-09-23,"","",2,"Alaska","Ethnicity Missing",4620,"race alone, unknown ethnicity",4442,3321,7941,45,4,43,41,-9999,-9999,-9999,738516,-9999,"0000","Ethnicity",-9999,42,-9999,91,-9999,-9999,-9999,-9999,-9999,-9999,-9999,-9999,-9999,-9999,-9999,42,-9999,
2020-09-23,"","",4,"Arizona","Non-Hispanic African American",6509,"race / ethnicity",146911,146911,215284,5525,174,4433,4901,286614,2271,61,6946685,4,"Yes","Race & Ethnicity",-9999,-9999,-9999,-9999,4,4,-9999,-9999,2271,-9999,-9999,61,-9999,-9999,286614,4,3,"No"
2020-09-23,"","",4,"Arizona","Non-Hispanic White",52874,"race / ethnicity",146911,146911,215284,5525,1845,4433,4901,3825886,1382,48,6946685,55,"Yes","Race & Ethnicity",-9999,-9999,-9999,-9999,36,42,-9999,-9999,1382,-9999,-9999,48,-9999,-9999,3825886,36,34.7912087912088,"Yes"
2020-09-23,"","",4,"Arizona","Non-Hispanic American Natives",12602,"race / ethnicity",146911,146911,215284,5525,579,4433,4901,271946,4634,213,6946685,4,"Yes","Race & Ethnicity",-9999,-9999,-9999,-9999,9,13,-9999,-9999,4634,-9999,-9999,213,-9999,-9999,271946,9,8.38461538461539,"No"
2020-09-23,"","",4,"Arizona","Non-Hispanic Asian",2180,"race / ethnicity",146911,146911,215284,5525,64,4433,4901,222477,980,29,6946685,3,"Yes","Race & Ethnicity",-9999,-9999,-9999,-9999,1,1,-9999,-9999,980,-9999,-9999,29,-9999,-9999,222477,1,-0.5,"No"
2020-09-23,"","",4,"Arizona","Hispanic",65732,"race / ethnicity",146911,146911,215284,5525,1681,4433,4901,2163312,3038,78,6946685,31,"Yes","Ethnicity",-9999,45,-9999,34,-9999,-9999,-9999,3038,-9999,-9999,78,-9999,-9999,2163312,-9999,45,44.1842105263158,"Yes"
2020-09-23,"","",4,"Arizona","Race & Ethnicity Missing",68373,"race / ethnicity",146911,146911,215284,5525,624,4433,4901,-9999,-9999,-9999,6946685,-9999,"0000","Race & Ethnicity",-9999,-9999,-9999,-9999,68,89,-9999,-9999,-9999,-9999,-9999,-9999,-9999,-9999,-9999,68,-9999,
2020-09-23,"","",5,"Arkansas","African American Alone",16528,"race alone, unknown ethnicity",69951,77962,77963,1229,239,1057,1229,488364,3384,49,2990671,16,"Yes","Race",24,-9999,23,-9999,-9999,-9999,3384,-9999,-9999,49,-9999,-9999,488364,-9999,-9999,24,23.2,"No"
2020-09-23,"","",5,"Arkansas","White Alone",44127,"race alone, unknown ethnicity",69951,77962,77963,1229,699,1057,1229,2372016,1860,29,2990671,79,"Yes","Race",63,-9999,66,-9999,-9999,-9999,1860,-9999,-9999,29,-9999,-9999,2372016,-9999,-9999,63,61.887323943662,"Yes"
2020-09-23,"","",5,"Arkansas","American Natives Alone",207,"race alone, unknown ethnicity",69951,77962,77963,1229,2,1057,1229,56532,366,4,2990671,2,"Yes","Race",0,-9999,0,-9999,-9999,-9999,366,-9999,-9999,4,-9999,-9999,56532,-9999,-9999,0,-2,"No"
2020-09-23,"","",5,"Arkansas","Asian Alone",915,"race alone, unknown ethnicity",69951,77962,77963,1229,13,1057,1229,55539,1647,23,2990671,2,"Yes","Race",1,-9999,1,-9999,-9999,-9999,1647,-9999,-9999,23,-9999,-9999,55539,-9999,-9999,1,-0.333333333333333,"No"
2020-09-23,"","",5,"Arkansas","Hispanic",14657,"race alone, unknown ethnicity",69951,77962,77963,1229,79,1057,1229,219052,6691,36,2990671,7,"Yes","Ethnicity",-9999,19,-9999,6,-9999,-9999,-9999,6691,-9999,-9999,36,-9999,-9999,219052,-9999,19,18.4615384615385,"No"
2020-09-23,"","",5,"Arkansas","Non Hispanic",63305,"race alone, unknown ethnicity",69951,77962,77963,1229,1150,1057,1229,2771619,2284,41,2990671,93,"Yes","Ethnicity",-9999,81,-9999,94,-9999,-9999,-9999,2284,-9999,-9999,41,-9999,-9999,2771619,-9999,81,79.9310344827586,"Yes"
2020-09-23,"","",5,"Arkansas","Race Missing",8012,"race alone, unknown ethnicity",69951,77962,77963,1229,172,1057,1229,-9999,-9999,-9999,2990671,-9999,"0000","Race",90,-9999,86,-9999,-9999,-9999,-9999,-9999,-9999,-9999,-9999,-9999,-9999,-9999,-9999,90,-9999,
2020-09-23,"","",5,"Arkansas","Ethnicity Missing",1,"race alone, unknown ethnicity",69951,77962,77963,1229,0,1057,1229,-9999,-9999,-9999,2990671,-9999,"0000","Ethnicity",-9999,100,-9999,100,-9999,-9999,-9999,-9999,-9999,-9999,-9999,-9999,-9999,-9999,-9999,100,-9999,
2020-09-23,"","",6,"California","Non-Hispanic African American",23232,"race / ethnicity",544509,544509,787470,15204,1151,14889,14889,2164519,1073,53,39148760,6,"Yes","Race & Ethnicity",-9999,-9999,-9999,-9999,4,8,-9999,-9999,1073,-9999,-9999,53,-9999,-9999,2164519,4,2.8,"No"
2020-09-23,"","",6,"California","Non-Hispanic White",92581,"race / ethnicity",544509,544509,787470,15204,4440,14889,14889,14695836,630,30,39148760,38,"Yes","Race & Ethnicity",-9999,-9999,-9999,-9999,17,30,-9999,-9999,630,-9999,-9999,30,-9999,-9999,14695836,17,15.6181818181818,"No"
2020-09-23,"","",6,"California","Non-Hispanic Asian",30073,"race / ethnicity",544509,544509,787470,15204,1739,14889,14889,5525439,544,31,39148760,14,"Yes","Race & Ethnicity",-9999,-9999,-9999,-9999,6,12,-9999,-9999,544,-9999,-9999,31,-9999,-9999,5525439,6,4.6,"No"
2020-09-23,"","",6,"California","Hispanic",332405,"race / ethnicity",544509,544509,787470,15204,7223,14889,14889,15221577,2184,47,39148760,39,"Yes","Ethnicity",-9999,61,-9999,49,-9999,-9999,-9999,2184,-9999,-9999,47,-9999,-9999,15221577,-9999,61,60.22,"Yes"
2020-09-23,"","",6,"California","Race & Ethnicity Missing",242961,"race / ethnicity",544509,544509,787470,15204,315,14889,14889,-9999,-9999,-9999,39148760,-9999,"0000","Race & Ethnicity",-9999,-9999,-9999,-9999,69,98,-9999,-9999,-9999,-9999,-9999,-9999,-9999,-9999,-9999,69,-9999,
2020-09-23,"","",8,"Colorado","Non-Hispanic African American",2880,"race / ethnicity",55492,55492,66669,1926,122,1886,1886,216732,1329,56,5531141,4,"Yes","Race & Ethnicity",-9999,-9999,-9999,-9999,5,6,-9999,-9999,1329,-9999,-9999,56,-9999,-9999,216732,5,4.11111111111111,"No"
2020-09-23,"","",8,"Colorado","Non-Hispanic White",24707,"race / ethnicity",55492,55492,66669,1926,1202,1886,1886,3778212,654,32,5531141,68,"Yes","Race & Ethnicity",-9999,-9999,-9999,-9999,45,64,-9999,-9999,654,-9999,-9999,32,-9999,-9999,3778212,45,43.7964601769911,"Yes"
2020-09-23,"","",8,"Colorado","Non-Hispanic Asian",1293,"race / ethnicity",55492,55492,66669,1926,60,1886,1886,169556,763,35,5531141,3,"Yes","Race & Ethnicity",-9999,-9999,-9999,-9999,2,3,-9999,-9999,763,-9999,-9999,35,-9999,-9999,169556,2,0.8,"No"
2020-09-23,"","",8,"Colorado","Hispanic",24587,"race / ethnicity",55492,55492,66669,1926,448,1886,1886,1184794,2075,38,5531141,21,"Yes","Ethnicity",-9999,44,-9999,24,-9999,-9999,-9999,2075,-9999,-9999,38,-9999,-9999,1184794,-9999,44,43.3538461538462,"Yes"
2020-09-23,"","",8,"Colorado","Race & Ethnicity Missing",11173,"race / ethnicity",55492,55492,66669,1926,36,1886,1886,-9999,-9999,-9999,5531141,-9999,"0000","Race & Ethnicity",-9999,-9999,-9999,-9999,83,98,-9999,-9999,-9999,-9999,-9999,-9999,-9999,-9999,-9999,83,-9999,
2020-09-23,"","",9,"Connecticut","Non-Hispanic African American",7351,"race / ethnicity",39701,39701,56315,4497,662,4456,4456,351817,2089,188,3581504,10,"Yes","Race & Ethnicity",-9999,-9999,-9999,-9999,19,15,-9999,-9999,2089,-9999,-9999,188,-9999,-9999,351817,19,18.3103448275862,"No"
2020-09-23,"","",9,"Connecticut","Non-Hispanic White",19676,"race / ethnicity",39701,39701,56315,4497,3287,4456,4456,2418696,813,136,3581504,68,"Yes","Race & Ethnicity",-9999,-9999,-9999,-9999,50,74,-9999,-9999,813,-9999,-9999,136,-9999,-9999,2418696,50,48.8474576271186,"Yes"
2020-09-23,"","",9,"Connecticut","Non-Hispanic Asian",825,"race / ethnicity",39701,39701,56315,4497,49,4456,4456,157406,524,31,3581504,4,"Yes","Race & Ethnicity",-9999,-9999,-9999,-9999,2,1,-9999,-9999,524,-9999,-9999,31,-9999,-9999,157406,2,0.666666666666667,"No"
2020-09-23,"","",9,"Connecticut","Hispanic",11067,"race / ethnicity",39701,39701,56315,4497,400,4456,4456,561791,1970,71,3581504,16,"Yes","Ethnicity",-9999,28,-9999,9,-9999,-9999,-9999,1970,-9999,-9999,71,-9999,-9999,561791,-9999,28,27.2727272727273,"No"
2020-09-23,"","",9,"Connecticut","Race & Ethnicity Missing",16614,"race / ethnicity",39701,39701,56315,4497,41,4456,4456,-9999,-9999,-9999,3581504,-9999,"0000","Race & Ethnicity",-9999,-9999,-9999,-9999,70,99,-9999,-9999,-9999,-9999,-9999,-9999,-9999,-9999,-9999,70,-9999,
2020-09-23,"","",10,"Delaware","Non-Hispanic African American",5271,"race / ethnicity",18267,18267,19830,629,162,629,629,204665,2575,79,949495,22,"Yes","Race & Ethnicity",-9999,-9999,-9999,-9999,29,26,-9999,-9999,2575,-9999,-9999,79,-9999,-9999,204665,29,28.1372549019608,"No"
2020-09-23,"","",10,"Delaware","Non-Hispanic White",7210,"race / ethnicity",18267,18267,19830,629,405,629,629,595623,1210,68,949495,63,"Yes","Race & Ethnicity",-9999,-9999,-9999,-9999,39,64,-9999,-9999,1210,-9999,-9999,68,-9999,-9999,595623,39,37.7647058823529,"Yes"
2020-09-23,"","",10,"Delaware","Non-Hispanic Asian",257,"race / ethnicity",18267,18267,19830,629,1,629,629,36464,705,3,949495,4,"Yes","Race & Ethnicity",-9999,-9999,-9999,-9999,1,0,-9999,-9999,705,-9999,-9999,3,-9999,-9999,36464,1,-0.6,"No"
2020-09-23,"","",10,"Delaware","Hispanic",4606,"race / ethnicity",18267,18267,19830,629,49,629,629,86315,5336,57,949495,9,"Yes","Ethnicity",-9999,25,-9999,8,-9999,-9999,-9999,5336,-9999,-9999,57,-9999,-9999,86315,-9999,25,24.4705882352941,"No"
2020-09-23,"","",10,"Delaware","Race & Ethnicity Missing",1563,"race / ethnicity",18267,18267,19830,629,0,629,629,-9999,-9999,-9999,949495,-9999,"0000","Race & Ethnicity",-9999,-9999,-9999,-9999,92,100,-9999,-9999,-9999,-9999,-9999,-9999,-9999,-9999,-9999,92,-9999,
2020-09-23,"","",11,"District of Columbia","African American Alone",7711,"race alone, unknown ethnicity",14964,13772,15050,621,462,615,615,331477,2326,139,684498,48,"Yes","Race",52,-9999,75,-9999,-9999,-9999,2326,-9999,-9999,139,-9999,-9999,331477,-9999,-9999,52,51.04,"Yes"
2020-09-23,"","",11,"District of Columbia","White Alone",3311,"race alone, unknown ethnicity",14964,13772,15050,621,67,615,615,296057,1118,23,684498,43,"Yes","Race",22,-9999,11,-9999,-9999,-9999,1118,-9999,-9999,23,-9999,-9999,296057,-9999,-9999,22,20.6769230769231,"No"
2020-09-23,"","",11,"District of Columbia","Asian Alone",243,"race alone, unknown ethnicity",14964,13772,15050,621,8,615,615,35423,686,23,684498,5,"Yes","Race",2,-9999,1,-9999,-9999,-9999,686,-9999,-9999,23,-9999,-9999,35423,-9999,-9999,2,0.571428571428571,"No"
2020-09-23,"","",11,"District of Columbia","Hispanic",3841,"race alone, unknown ethnicity",14964,13772,15050,621,78,615,615,74776,5137,104,684498,11,"Yes","Ethnicity",-9999,28,-9999,13,-9999,-9999,-9999,5137,-9999,-9999,104,-9999,-9999,74776,-9999,28,27.4358974358974,"No"
2020-09-23,"","",11,"District of Columbia","Non Hispanic",9931,"race alone, unknown ethnicity",14964,13772,15050,621,537,615,615,609722,1629,88,684498,89,"Yes","Ethnicity",-9999,72,-9999,87,-9999,-9999,-9999,1629,-9999,-9999,88,-9999,-9999,609722,-9999,72,70.8944099378882,"Yes"
2020-09-23,"","",11,"District of Columbia","Race Missing",86,"race alone, unknown ethnicity",14964,13772,15050,621,6,615,615,-9999,-9999,-9999,684498,-9999,"0000","Race",99,-9999,99,-9999,-9999,-9999,-9999,-9999,-9999,-9999,-9999,-9999,-9999,-9999,-9999,99,-9999,
2020-09-23,"","",11,"District of Columbia","Ethnicity Missing",1278,"race alone, unknown ethnicity",14964,13772,15050,621,6,615,615,-9999,-9999,-9999,684498,-9999,"0000","Ethnicity",-9999,92,-9999,99,-9999,-9999,-9999,-9999,-9999,-9999,-9999,-9999,-9999,-9999,-9999,92,-9999,
2020-09-23,"","",12,"Florida","African American Alone",101411,"race alone, unknown ethnicity",518972,475975,690499,13782,2502,13013,12292,3592346,2823,70,20598139,17,"Yes","Race",20,-9999,19,-9999,-9999,-9999,2823,-9999,-9999,70,-9999,-9999,3592346,-9999,-9999,20,19.0810810810811,"No"
2020-09-23,"","",12,"Florida","White Alone",174466,"race alone, unknown ethnicity",518972,475975,690499,13782,6493,13013,12292,15989949,1091,41,20598139,78,"Yes","Race",34,-9999,50,-9999,-9999,-9999,1091,-9999,-9999,41,-9999,-9999,15989949,-9999,-9999,34,32.6071428571429,"No"
2020-09-23,"","",12,"Florida","Hispanic",198017,"race alone, unknown ethnicity",518972,475975,690499,13782,3446,13013,12292,5184720,3819,66,20598139,25,"Yes","Ethnicity",-9999,42,-9999,28,-9999,-9999,-9999,3819,-9999,-9999,66,-9999,-9999,5184720,-9999,42,41.2537313432836,"Yes"
2020-09-23,"","",12,"Florida","Non Hispanic",277958,"race alone, unknown ethnicity",518972,475975,690499,13782,8846,13013,12292,15413419,1803,57,20598139,75,"Yes","Ethnicity",-9999,58,-9999,72,-9999,-9999,-9999,1803,-9999,-9999,57,-9999,-9999,15413419,-9999,58,56.8721804511278,"Yes"
2020-09-23,"","",12,"Florida","Race Missing",171527,"race alone, unknown ethnicity",518972,475975,690499,13782,769,13013,12292,-9999,-9999,-9999,20598139,-9999,"0000","Race",75,-9999,94,-9999,-9999,-9999,-9999,-9999,-9999,-9999,-9999,-9999,-9999,-9999,-9999,75,-9999,
2020-09-23,"","",12,"Florida","Ethnicity Missing",214524,"race alone, unknown ethnicity",518972,475975,690499,13782,1490,13013,12292,-9999,-9999,-9999,20598139,-9999,"0000","Ethnicity",-9999,69,-9999,89,-9999,-9999,-9999,-9999,-9999,-9999,-9999,-9999,-9999,-9999,-9999,69,-9999,
2020-09-23,"","",13,"Georgia","Non-Hispanic African American",79891,"race / ethnicity",226662,195077,309678,6773,2783,6659,6629,3195363,2500,87,10297484,31,"Yes","Race & Ethnicity",-9999,-9999,-9999,-9999,35,42,-9999,-9999,2500,-9999,-9999,87,-9999,-9999,3195363,35,34.0606060606061,"Yes"
2020-09-23,"","",13,"Georgia","Non-Hispanic White",93310,"race / ethnicity",226662,195077,309678,6773,3292,6659,6629,5476441,1704,60,10297484,53,"Yes","Race & Ethnicity",-9999,-9999,-9999,-9999,41,49,-9999,-9999,1704,-9999,-9999,60,-9999,-9999,5476441,41,39.8723404255319,"Yes"
2020-09-23,"","",13,"Georgia","Non-Hispanic Asian",4841,"race / ethnicity",226662,195077,309678,6773,124,6659,6629,399223,1213,31,10297484,4,"Yes","Race & Ethnicity",-9999,-9999,-9999,-9999,2,2,-9999,-9999,1213,-9999,-9999,31,-9999,-9999,399223,2,0.666666666666667,"No"
2020-09-23,"","",13,"Georgia","Hispanic",39548,"race / ethnicity",226662,195077,309678,6773,420,6659,6629,968463,4084,43,10297484,9,"Yes","Ethnicity",-9999,20,-9999,6,-9999,-9999,-9999,4084,-9999,-9999,43,-9999,-9999,968463,-9999,20,19.3793103448276,"No"
2020-09-23,"","",13,"Georgia","Race & Ethnicity Missing",83016,"race / ethnicity",226662,195077,309678,6773,114,6659,6629,-9999,-9999,-9999,10297484,-9999,"0000","Race & Ethnicity",-9999,-9999,-9999,-9999,73,98,-9999,-9999,-9999,-9999,-9999,-9999,-9999,-9999,-9999,73,-9999,
2020-09-23,"","",15,"Hawaii","African American Alone",126,"race alone, unknown ethnicity",5565,0,11689,122,5,93,0,49424,255,10,1422029,3,"Yes","Race",2,-9999,5,-9999,-9999,-9999,255,-9999,-9999,10,-9999,-9999,49424,-9999,-9999,2,0.8,"No"
2020-09-23,"","",15,"Hawaii","White Alone",934,"race alone, unknown ethnicity",5565,0,11689,122,8,93,0,612335,153,1,1422029,43,"Yes","Race",17,-9999,9,-9999,-9999,-9999,153,-9999,-9999,1,-9999,-9999,612335,-9999,-9999,17,15.5666666666667,"No"
2020-09-23,"","",15,"Hawaii","Asian Alone",1983,"race alone, unknown ethnicity",5565,0,11689,122,49,93,0,803216,247,6,1422029,56,"Yes","Race",36,-9999,53,-9999,-9999,-9999,247,-9999,-9999,6,-9999,-9999,803216,-9999,-9999,36,34.7826086956522,"Yes"
2020-09-23,"","",15,"Hawaii","NHPI Alone",2224,"race alone, unknown ethnicity",5565,0,11689,122,26,93,0,372829,597,7,1422029,26,"Yes","Race",40,-9999,28,-9999,-9999,-9999,597,-9999,-9999,7,-9999,-9999,372829,-9999,-9999,40,39.2121212121212,"Yes"
2020-09-23,"","",15,"Hawaii","Race Missing",6124,"race alone, unknown ethnicity",5565,0,11689,122,29,93,0,-9999,-9999,-9999,1422029,-9999,"0000","Race",48,-9999,76,-9999,-9999,-9999,-9999,-9999,-9999,-9999,-9999,-9999,-9999,-9999,-9999,48,-9999,
2020-09-23,"","",15,"Hawaii","Ethnicity Missing",-9999,"race alone, unknown ethnicity",5565,0,11689,122,-9999,93,0,-9999,-9999,-9999,1422029,-9999,"0000","Ethnicity",-9999,-9999,-9999,-9999,-9999,-9999,-9999,-9999,-9999,-9999,-9999,-9999,-9999,-9999,-9999,-9999,-9999,
2020-09-23,"","",16,"Idaho","White Alone",18894,"race alone, unknown ethnicity",25468,20825,38743,454,431,449,450,1570866,1203,27,1687809,93,"Yes","Race",74,-9999,96,-9999,-9999,-9999,1203,-9999,-9999,27,-9999,-9999,1570866,-9999,-9999,74,72.8862275449102,"Yes"
2020-09-23,"","",16,"Idaho","American Natives Alone",580,"race alone, unknown ethnicity",25468,20825,38743,454,6,449,450,40617,1428,15,1687809,2,"Yes","Race",2,-9999,1,-9999,-9999,-9999,1428,-9999,-9999,15,-9999,-9999,40617,-9999,-9999,2,1,"No"
2020-09-23,"","",16,"Idaho","Asian Alone",287,"race alone, unknown ethnicity",25468,20825,38743,454,3,449,450,38865,738,8,1687809,2,"Yes","Race",1,-9999,1,-9999,-9999,-9999,738,-9999,-9999,8,-9999,-9999,38865,-9999,-9999,1,-0.333333333333333,"No"
2020-09-23,"","",16,"Idaho","Hispanic",6901,"race alone, unknown ethnicity",25468,20825,38743,454,55,449,450,209073,3301,26,1687809,12,"Yes","Ethnicity",-9999,33,-9999,12,-9999,-9999,-9999,3301,-9999,-9999,26,-9999,-9999,209073,-9999,33,32.4666666666667,"No"
2020-09-23,"","",16,"Idaho","Non Hispanic",13924,"race alone, unknown ethnicity",25468,20825,38743,454,395,449,450,1478736,942,27,1687809,88,"Yes","Ethnicity",-9999,67,-9999,88,-9999,-9999,-9999,942,-9999,-9999,27,-9999,-9999,1478736,-9999,67,65.8645161290323,"Yes"
2020-09-23,"","",16,"Idaho","Race Missing",13275,"race alone, unknown ethnicity",25468,20825,38743,454,5,449,450,-9999,-9999,-9999,1687809,-9999,"0000","Race",66,-9999,99,-9999,-9999,-9999,-9999,-9999,-9999,-9999,-9999,-9999,-9999,-9999,-9999,66,-9999,
2020-09-23,"","",16,"Idaho","Ethnicity Missing",17917,"race alone, unknown ethnicity",25468,20825,38743,454,4,449,450,-9999,-9999,-9999,1687809,-9999,"0000","Ethnicity",-9999,54,-9999,99,-9999,-9999,-9999,-9999,-9999,-9999,-9999,-9999,-9999,-9999,-9999,54,-9999,
2020-09-23,"","",17,"Illinois","Non-Hispanic African American",38629,"race / ethnicity",209501,209501,281312,8744,2211,8396,8396,1796057,2151,123,12821497,14,"Yes","Race & Ethnicity",-9999,-9999,-9999,-9999,18,26,-9999,-9999,2151,-9999,-9999,123,-9999,-9999,1796057,18,17.125,"No"
2020-09-23,"","",17,"Illinois","Non-Hispanic White",80971,"race / ethnicity",209501,209501,281312,8744,4020,8396,8396,7894286,1026,51,12821497,62,"Yes","Race & Ethnicity",-9999,-9999,-9999,-9999,39,48,-9999,-9999,1026,-9999,-9999,51,-9999,-9999,7894286,39,37.7722772277228,"Yes"
2020-09-23,"","",17,"Illinois","Non-Hispanic Asian",6326,"race / ethnicity",209501,209501,281312,8744,379,8396,8396,685343,923,55,12821497,5,"Yes","Race & Ethnicity",-9999,-9999,-9999,-9999,3,5,-9999,-9999,923,-9999,-9999,55,-9999,-9999,685343,3,1.75,"No"
2020-09-23,"","",17,"Illinois","Hispanic",72653,"race / ethnicity",209501,209501,281312,8744,1716,8396,8396,2174842,3341,79,12821497,17,"Yes","Ethnicity",-9999,35,-9999,20,-9999,-9999,-9999,3341,-9999,-9999,79,-9999,-9999,2174842,-9999,35,34.3461538461538,"Yes"
2020-09-23,"","",17,"Illinois","Race & Ethnicity Missing",71811,"race / ethnicity",209501,209501,281312,8744,348,8396,8396,-9999,-9999,-9999,12821497,-9999,"0000","Race & Ethnicity",-9999,-9999,-9999,-9999,74,96,-9999,-9999,-9999,-9999,-9999,-9999,-9999,-9999,-9999,74,-9999,
2020-09-23,"","",18,"Indiana","African American Alone",11105,"race alone, unknown ethnicity",90131,51783,113337,3530,444,3069,1754,708540,1567,63,6637426,11,"Yes","Race",12,-9999,14,-9999,-9999,-9999,1567,-9999,-9999,63,-9999,-9999,708540,-9999,-9999,12,11.0434782608696,"No"
2020-09-23,"","",18,"Indiana","White Alone",61161,"race alone, unknown ethnicity",90131,51783,113337,3530,2179,3069,1754,5696787,1074,38,6637426,86,"Yes","Race",68,-9999,71,-9999,-9999,-9999,1074,-9999,-9999,38,-9999,-9999,5696787,-9999,-9999,68,66.8831168831169,"Yes"
2020-09-23,"","",18,"Indiana","Asian Alone",1286,"race alone, unknown ethnicity",90131,51783,113337,3530,18,3069,1754,177411,725,10,6637426,3,"Yes","Race",1,-9999,1,-9999,-9999,-9999,725,-9999,-9999,10,-9999,-9999,177411,-9999,-9999,1,-0.5,"No"
2020-09-23,"","",18,"Indiana","Hispanic",9931,"race alone, unknown ethnicity",90131,51783,113337,3530,76,3069,1754,450267,2206,17,6637426,7,"Yes","Ethnicity",-9999,19,-9999,4,-9999,-9999,-9999,2206,-9999,-9999,17,-9999,-9999,450267,-9999,19,18.4615384615385,"No"
2020-09-23,"","",18,"Indiana","Non Hispanic",41852,"race alone, unknown ethnicity",90131,51783,113337,3530,1678,3069,1754,6187159,676,27,6637426,93,"Yes","Ethnicity",-9999,81,-9999,96,-9999,-9999,-9999,676,-9999,-9999,27,-9999,-9999,6187159,-9999,81,79.9310344827586,"Yes"
2020-09-23,"","",18,"Indiana","Race Missing",23206,"race alone, unknown ethnicity",90131,51783,113337,3530,461,3069,1754,-9999,-9999,-9999,6637426,-9999,"0000","Race",80,-9999,87,-9999,-9999,-9999,-9999,-9999,-9999,-9999,-9999,-9999,-9999,-9999,-9999,80,-9999,
2020-09-23,"","",18,"Indiana","Ethnicity Missing",61554,"race alone, unknown ethnicity",90131,51783,113337,3530,1776,3069,1754,-9999,-9999,-9999,6637426,-9999,"0000","Ethnicity",-9999,46,-9999,50,-9999,-9999,-9999,-9999,-9999,-9999,-9999,-9999,-9999,-9999,-9999,46,-9999,
2020-09-23,"","",19,"Iowa","African American Alone",4944,"race alone, unknown ethnicity",68393,68393,83225,1294,49,1149,1138,144373,3424,34,3132499,5,"Yes","Race",7,-9999,4,-9999,-9999,-9999,3424,-9999,-9999,34,-9999,-9999,144373,-9999,-9999,7,6.16666666666667,"No"
2020-09-23,"","",19,"Iowa","White Alone",57681,"race alone, unknown ethnicity",68393,68393,83225,1294,1052,1149,1138,2888739,1997,36,3132499,92,"Yes","Race",84,-9999,92,-9999,-9999,-9999,1997,-9999,-9999,36,-9999,-9999,2888739,-9999,-9999,84,82.9545454545455,"Yes"
2020-09-23,"","",19,"Iowa","Asian Alone",2472,"race alone, unknown ethnicity",68393,68393,83225,1294,26,1149,1138,91193,2711,29,3132499,3,"Yes","Race",4,-9999,2,-9999,-9999,-9999,2711,-9999,-9999,29,-9999,-9999,91193,-9999,-9999,4,3.14285714285714,"No"
2020-09-23,"","",19,"Iowa","Hispanic",11536,"race alone, unknown ethnicity",68393,68393,83225,1294,73,1149,1138,183296,6294,40,3132499,6,"Yes","Ethnicity",-9999,17,-9999,6,-9999,-9999,-9999,6294,-9999,-9999,40,-9999,-9999,183296,-9999,17,16.4782608695652,"No"
2020-09-23,"","",19,"Iowa","Non Hispanic",56857,"race alone, unknown ethnicity",68393,68393,83225,1294,1065,1149,1138,2949203,1928,36,3132499,94,"Yes","Ethnicity",-9999,83,-9999,94,-9999,-9999,-9999,1928,-9999,-9999,36,-9999,-9999,2949203,-9999,83,81.9378531073446,"Yes"
2020-09-23,"","",19,"Iowa","Race Missing",14832,"race alone, unknown ethnicity",68393,68393,83225,1294,142,1149,1138,-9999,-9999,-9999,3132499,-9999,"0000","Race",82,-9999,89,-9999,-9999,-9999,-9999,-9999,-9999,-9999,-9999,-9999,-9999,-9999,-9999,82,-9999,
2020-09-23,"","",19,"Iowa","Ethnicity Missing",14008,"race alone, unknown ethnicity",68393,68393,83225,1294,155,1149,1138,-9999,-9999,-9999,3132499,-9999,"0000","Ethnicity",-9999,83,-9999,88,-9999,-9999,-9999,-9999,-9999,-9999,-9999,-9999,-9999,-9999,-9999,83,-9999,
2020-09-23,"","",20,"Kansas","African American Alone",3944,"race alone, unknown ethnicity",45763,42656,55226,621,85,588,571,214553,1838,40,2908776,7,"Yes","Race",9,-9999,14,-9999,-9999,-9999,1838,-9999,-9999,40,-9999,-9999,214553,-9999,-9999,9,8.125,"No"
2020-09-23,"","",20,"Kansas","White Alone",36785,"race alone, unknown ethnicity",45763,42656,55226,621,442,588,571,2553447,1441,17,2908776,88,"Yes","Race",80,-9999,75,-9999,-9999,-9999,1441,-9999,-9999,17,-9999,-9999,2553447,-9999,-9999,80,78.9523809523809,"Yes"
2020-09-23,"","",20,"Kansas","American Natives Alone",413,"race alone, unknown ethnicity",45763,42656,55226,621,7,588,571,62167,664,11,2908776,2,"Yes","Race",1,-9999,1,-9999,-9999,-9999,664,-9999,-9999,11,-9999,-9999,62167,-9999,-9999,1,-0.333333333333333,"No"
2020-09-23,"","",20,"Kansas","Asian Alone",1426,"race alone, unknown ethnicity",45763,42656,55226,621,13,588,571,103141,1383,13,2908776,4,"Yes","Race",3,-9999,2,-9999,-9999,-9999,1383,-9999,-9999,13,-9999,-9999,103141,-9999,-9999,3,1.85714285714286,"No"
2020-09-23,"","",20,"Kansas","Hispanic",14101,"race alone, unknown ethnicity",45763,42656,55226,621,91,588,571,340616,4140,27,2908776,12,"Yes","Ethnicity",-9999,33,-9999,16,-9999,-9999,-9999,4140,-9999,-9999,27,-9999,-9999,340616,-9999,33,32.4666666666667,"No"
2020-09-23,"","",20,"Kansas","Non Hispanic",28555,"race alone, unknown ethnicity",45763,42656,55226,621,480,588,571,2568160,1112,19,2908776,88,"Yes","Ethnicity",-9999,67,-9999,84,-9999,-9999,-9999,1112,-9999,-9999,19,-9999,-9999,2568160,-9999,67,65.8645161290323,"Yes"
2020-09-23,"","",20,"Kansas","Race Missing",9463,"race alone, unknown ethnicity",45763,42656,55226,621,33,588,571,-9999,-9999,-9999,2908776,-9999,"0000","Race",83,-9999,95,-9999,-9999,-9999,-9999,-9999,-9999,-9999,-9999,-9999,-9999,-9999,-9999,83,-9999,
2020-09-23,"","",20,"Kansas","Ethnicity Missing",12570,"race alone, unknown ethnicity",45763,42656,55226,621,50,588,571,-9999,-9999,-9999,2908776,-9999,"0000","Ethnicity",-9999,77,-9999,92,-9999,-9999,-9999,-9999,-9999,-9999,-9999,-9999,-9999,-9999,-9999,77,-9999,
2020-09-23,"","",21,"Kentucky","African American Alone",5015,"race alone, unknown ethnicity",42474,40033,63517,1124,132,1025,988,413151,1214,32,4440204,9,"Yes","Race",12,-9999,13,-9999,-9999,-9999,1214,-9999,-9999,32,-9999,-9999,413151,-9999,-9999,12,11.1428571428571,"No"
2020-09-23,"","",21,"Kentucky","White Alone",34215,"race alone, unknown ethnicity",42474,40033,63517,1124,854,1025,988,3959155,864,22,4440204,89,"Yes","Race",81,-9999,83,-9999,-9999,-9999,864,-9999,-9999,22,-9999,-9999,3959155,-9999,-9999,81,79.9529411764706,"Yes"
2020-09-23,"","",21,"Kentucky","Asian Alone",516,"race alone, unknown ethnicity",42474,40033,63517,1124,12,1025,988,80974,637,15,4440204,2,"Yes","Race",1,-9999,1,-9999,-9999,-9999,637,-9999,-9999,15,-9999,-9999,80974,-9999,-9999,1,-0.333333333333333,"No"
2020-09-23,"","",21,"Kentucky","Hispanic",4411,"race alone, unknown ethnicity",42474,40033,63517,1124,35,1025,988,158744,2779,22,4440204,4,"Yes","Ethnicity",-9999,11,-9999,4,-9999,-9999,-9999,2779,-9999,-9999,22,-9999,-9999,158744,-9999,11,10.4666666666667,"No"
2020-09-23,"","",21,"Kentucky","Non Hispanic",35622,"race alone, unknown ethnicity",42474,40033,63517,1124,953,1025,988,4281460,832,22,4440204,96,"Yes","Ethnicity",-9999,89,-9999,96,-9999,-9999,-9999,832,-9999,-9999,22,-9999,-9999,4281460,-9999,89,87.9621621621622,"Yes"
2020-09-23,"","",21,"Kentucky","Race Missing",21043,"race alone, unknown ethnicity",42474,40033,63517,1124,99,1025,988,-9999,-9999,-9999,4440204,-9999,"0000","Race",67,-9999,91,-9999,-9999,-9999,-9999,-9999,-9999,-9999,-9999,-9999,-9999,-9999,-9999,67,-9999,
2020-09-23,"","",21,"Kentucky","Ethnicity Missing",23484,"race alone, unknown ethnicity",42474,40033,63517,1124,136,1025,988,-9999,-9999,-9999,4440204,-9999,"0000","Ethnicity",-9999,63,-9999,88,-9999,-9999,-9999,-9999,-9999,-9999,-9999,-9999,-9999,-9999,-9999,63,-9999,
2020-09-23,"","",22,"Louisiana","African American Alone",59447,"race alone, unknown ethnicity",146100,0,163869,5407,2417,5219,5109,1553061,3828,156,4663616,33,"Yes","Race",41,-9999,46,-9999,-9999,-9999,3828,-9999,-9999,156,-9999,-9999,1553061,-9999,-9999,41,40.1081081081081,"Yes"
2020-09-23,"","",22,"Louisiana","White Alone",63233,"race alone, unknown ethnicity",146100,0,163869,5407,2725,5219,5109,2981723,2121,91,4663616,64,"Yes","Race",43,-9999,52,-9999,-9999,-9999,2121,-9999,-9999,91,-9999,-9999,2981723,-9999,-9999,43,41.803738317757,"Yes"
2020-09-23,"","",22,"Louisiana","Asian Alone",8036,"race alone, unknown ethnicity",146100,0,163869,5407,35,5219,5109,96581,8320,36,4663616,2,"Yes","Race",6,-9999,1,-9999,-9999,-9999,8320,-9999,-9999,36,-9999,-9999,96581,-9999,-9999,6,5.5,"No"
2020-09-23,"","",22,"Louisiana","Race Missing",17769,"race alone, unknown ethnicity",146100,0,163869,5407,188,5219,5109,-9999,-9999,-9999,4663616,-9999,"0000","Race",89,-9999,97,-9999,-9999,-9999,-9999,-9999,-9999,-9999,-9999,-9999,-9999,-9999,-9999,89,-9999,
2020-09-23,"","",22,"Louisiana","Ethnicity Missing",163869,"race alone, unknown ethnicity",146100,0,163869,5407,298,5219,5109,-9999,-9999,-9999,4663616,-9999,"0000","Ethnicity",-9999,0,-9999,94,-9999,-9999,-9999,-9999,-9999,-9999,-9999,-9999,-9999,-9999,-9999,0,-9999,
2020-09-23,"","",23,"Maine","African American Alone",968,"race alone, unknown ethnicity",4708,4373,5171,140,4,125,114,25739,3761,16,1332813,2,"Yes","Race",21,-9999,3,-9999,-9999,-9999,3761,-9999,-9999,16,-9999,-9999,25739,-9999,-9999,21,20.8260869565217,"No"
2020-09-23,"","",23,"Maine","White Alone",3443,"race alone, unknown ethnicity",4708,4373,5171,140,121,125,114,1286940,268,9,1332813,97,"Yes","Race",73,-9999,97,-9999,-9999,-9999,268,-9999,-9999,9,-9999,-9999,1286940,-9999,-9999,73,71.8588235294118,"Yes"
2020-09-23,"","",23,"Maine","Asian Alone",115,"race alone, unknown ethnicity",4708,4373,5171,140,0,125,114,22175,519,0,1332813,2,"Yes","Race",2,-9999,0,-9999,-9999,-9999,519,-9999,-9999,0,-9999,-9999,22175,-9999,-9999,2,1,"No"
2020-09-23,"","",23,"Maine","Hispanic",202,"race alone, unknown ethnicity",4708,4373,5171,140,0,125,114,21421,943,0,1332813,2,"Yes","Ethnicity",-9999,5,-9999,0,-9999,-9999,-9999,943,-9999,-9999,0,-9999,-9999,21421,-9999,5,4.42857142857143,"No"
2020-09-23,"","",23,"Maine","Non Hispanic",4171,"race alone, unknown ethnicity",4708,4373,5171,140,114,125,114,1311392,318,9,1332813,98,"Yes","Ethnicity",-9999,95,-9999,100,-9999,-9999,-9999,318,-9999,-9999,9,-9999,-9999,1311392,-9999,95,93.9844559585492,"Yes"
2020-09-23,"","",23,"Maine","Race Missing",463,"race alone, unknown ethnicity",4708,4373,5171,140,15,125,114,-9999,-9999,-9999,1332813,-9999,"0000","Race",91,-9999,89,-9999,-9999,-9999,-9999,-9999,-9999,-9999,-9999,-9999,-9999,-9999,-9999,91,-9999,
2020-09-23,"","",23,"Maine","Ethnicity Missing",798,"race alone, unknown ethnicity",4708,4373,5171,140,26,125,114,-9999,-9999,-9999,1332813,-9999,"0000","Ethnicity",-9999,85,-9999,81,-9999,-9999,-9999,-9999,-9999,-9999,-9999,-9999,-9999,-9999,-9999,85,-9999,
2020-09-23,"","",24,"Maryland","Non-Hispanic African American",38590,"race / ethnicity",103004,103004,121297,3902,1597,3892,3892,1759438,2193,91,6003435,29,"Yes","Race & Ethnicity",-9999,-9999,-9999,-9999,37,41,-9999,-9999,2193,-9999,-9999,91,-9999,-9999,1759438,37,36.1212121212121,"Yes"
2020-09-23,"","",24,"Maryland","Non-Hispanic White",30087,"race / ethnicity",103004,103004,121297,3902,1662,3892,3892,3084868,975,54,6003435,51,"Yes","Race & Ethnicity",-9999,-9999,-9999,-9999,29,43,-9999,-9999,975,-9999,-9999,54,-9999,-9999,3084868,29,27.725,"No"
2020-09-23,"","",24,"Maryland","Non-Hispanic Asian",2295,"race / ethnicity",103004,103004,121297,3902,145,3892,3892,371981,617,39,6003435,6,"Yes","Race & Ethnicity",-9999,-9999,-9999,-9999,2,4,-9999,-9999,617,-9999,-9999,39,-9999,-9999,371981,2,0.5,"No"
2020-09-23,"","",24,"Maryland","Hispanic",26458,"race / ethnicity",103004,103004,121297,3902,448,3892,3892,588912,4493,76,6003435,10,"Yes","Ethnicity",-9999,26,-9999,12,-9999,-9999,-9999,4493,-9999,-9999,76,-9999,-9999,588912,-9999,26,25.4444444444444,"No"
2020-09-23,"","",24,"Maryland","Race & Ethnicity Missing",18293,"race / ethnicity",103004,103004,121297,3902,10,3892,3892,-9999,-9999,-9999,6003435,-9999,"0000","Race & Ethnicity",-9999,-9999,-9999,-9999,85,100,-9999,-9999,-9999,-9999,-9999,-9999,-9999,-9999,-9999,85,-9999,
2020-09-23,"","",25,"Massachusetts","Non-Hispanic African American",12172,"race / ethnicity",92867,92867,128512,9347,759,9288,9288,463796,2624,164,6830193,7,"Yes","Race & Ethnicity",-9999,-9999,-9999,-9999,13,8,-9999,-9999,2624,-9999,-9999,164,-9999,-9999,463796,13,12.3,"No"
2020-09-23,"","",25,"Massachusetts","Non-Hispanic White",40382,"race / ethnicity",92867,92867,128512,9347,7058,9288,9288,4930412,819,143,6830193,72,"Yes","Race & Ethnicity",-9999,-9999,-9999,-9999,43,76,-9999,-9999,819,-9999,-9999,143,-9999,-9999,4930412,43,41.7478260869565,"Yes"
2020-09-23,"","",25,"Massachusetts","Non-Hispanic Asian",2846,"race / ethnicity",92867,92867,128512,9347,232,9288,9288,440336,646,53,6830193,6,"Yes","Race & Ethnicity",-9999,-9999,-9999,-9999,3,2,-9999,-9999,646,-9999,-9999,53,-9999,-9999,440336,3,1.66666666666667,"No"
2020-09-23,"","",25,"Massachusetts","Hispanic",29301,"race / ethnicity",92867,92867,128512,9347,646,9288,9288,789127,3713,82,6830193,12,"Yes","Ethnicity",-9999,32,-9999,7,-9999,-9999,-9999,3713,-9999,-9999,82,-9999,-9999,789127,-9999,32,31.4545454545455,"No"
2020-09-23,"","",25,"Massachusetts","Race & Ethnicity Missing",35645,"race / ethnicity",92867,92867,128512,9347,59,9288,9288,-9999,-9999,-9999,6830193,-9999,"0000","Race & Ethnicity",-9999,-9999,-9999,-9999,72,99,-9999,-9999,-9999,-9999,-9999,-9999,-9999,-9999,-9999,72,-9999,
2020-09-23,"","",26,"Michigan","African American Alone",27087,"race alone, unknown ethnicity",110840,91333,131259,7013,2675,6825,5888,1516353,1786,176,9957488,15,"Yes","Race",24,-9999,39,-9999,-9999,-9999,1786,-9999,-9999,176,-9999,-9999,1516353,-9999,-9999,24,23.2307692307692,"No"
2020-09-23,"","",26,"Michigan","White Alone",63674,"race alone, unknown ethnicity",110840,91333,131259,7013,3800,6825,5888,8073520,789,47,9957488,81,"Yes","Race",57,-9999,56,-9999,-9999,-9999,789,-9999,-9999,47,-9999,-9999,8073520,-9999,-9999,57,55.8260869565217,"Yes"
2020-09-23,"","",26,"Michigan","Asian Alone",2468,"race alone, unknown ethnicity",110840,91333,131259,7013,90,6825,5888,368624,670,24,9957488,4,"Yes","Race",2,-9999,1,-9999,-9999,-9999,670,-9999,-9999,24,-9999,-9999,368624,-9999,-9999,2,0.666666666666667,"No"
2020-09-23,"","",26,"Michigan","Hispanic",9489,"race alone, unknown ethnicity",110840,91333,131259,7013,200,6825,5888,497897,1906,40,9957488,5,"Yes","Ethnicity",-9999,10,-9999,3,-9999,-9999,-9999,1906,-9999,-9999,40,-9999,-9999,497897,-9999,10,9.33333333333333,"No"
2020-09-23,"","",26,"Michigan","Non Hispanic",81844,"race alone, unknown ethnicity",110840,91333,131259,7013,5688,6825,5888,9459591,865,60,9957488,95,"Yes","Ethnicity",-9999,90,-9999,97,-9999,-9999,-9999,865,-9999,-9999,60,-9999,-9999,9459591,-9999,90,88.972972972973,"Yes"
2020-09-23,"","",26,"Michigan","Race Missing",20419,"race alone, unknown ethnicity",110840,91333,131259,7013,188,6825,5888,-9999,-9999,-9999,9957488,-9999,"0000","Race",84,-9999,97,-9999,-9999,-9999,-9999,-9999,-9999,-9999,-9999,-9999,-9999,-9999,-9999,84,-9999,
2020-09-23,"","",26,"Michigan","Ethnicity Missing",39926,"race alone, unknown ethnicity",110840,91333,131259,7013,1125,6825,5888,-9999,-9999,-9999,9957488,-9999,"0000","Ethnicity",-9999,70,-9999,84,-9999,-9999,-9999,-9999,-9999,-9999,-9999,-9999,-9999,-9999,-9999,70,-9999,
2020-09-23,"","",27,"Minnesota","African American Alone",16426,"race alone, unknown ethnicity",83689,83689,92100,2037,189,1973,1973,410895,3998,46,5527358,7,"Yes","Race",20,-9999,10,-9999,-9999,-9999,3998,-9999,-9999,46,-9999,-9999,410895,-9999,-9999,20,19.4814814814815,"No"
2020-09-23,"","",27,"Minnesota","White Alone",44053,"race alone, unknown ethnicity",83689,83689,92100,2037,1537,1973,1973,4749380,928,32,5527358,86,"Yes","Race",53,-9999,78,-9999,-9999,-9999,928,-9999,-9999,32,-9999,-9999,4749380,-9999,-9999,53,51.7625899280576,"Yes"
2020-09-23,"","",27,"Minnesota","American Natives Alone",769,"race alone, unknown ethnicity",83689,83689,92100,2037,36,1973,1973,107006,719,34,5527358,2,"Yes","Race",1,-9999,2,-9999,-9999,-9999,719,-9999,-9999,34,-9999,-9999,107006,-9999,-9999,1,-0.333333333333333,"No"
2020-09-23,"","",27,"Minnesota","Asian Alone",4948,"race alone, unknown ethnicity",83689,83689,92100,2037,93,1973,1973,310148,1595,30,5527358,6,"Yes","Race",6,-9999,5,-9999,-9999,-9999,1595,-9999,-9999,30,-9999,-9999,310148,-9999,-9999,6,5,"No"
2020-09-23,"","",27,"Minnesota","Hispanic",14643,"race alone, unknown ethnicity",83689,83689,92100,2037,96,1973,1973,292764,5002,33,5527358,5,"Yes","Ethnicity",-9999,17,-9999,5,-9999,-9999,-9999,5002,-9999,-9999,33,-9999,-9999,292764,-9999,17,16.5454545454545,"No"
2020-09-23,"","",27,"Minnesota","Non Hispanic",69046,"race alone, unknown ethnicity",83689,83689,92100,2037,1877,1973,1973,5234594,1319,36,5527358,95,"Yes","Ethnicity",-9999,83,-9999,95,-9999,-9999,-9999,1319,-9999,-9999,36,-9999,-9999,5234594,-9999,83,81.9325842696629,"Yes"
2020-09-23,"","",27,"Minnesota","Race Missing",8411,"race alone, unknown ethnicity",83689,83689,92100,2037,64,1973,1973,-9999,-9999,-9999,5527358,-9999,"0000","Race",91,-9999,97,-9999,-9999,-9999,-9999,-9999,-9999,-9999,-9999,-9999,-9999,-9999,-9999,91,-9999,
2020-09-23,"","",27,"Minnesota","Ethnicity Missing",8411,"race alone, unknown ethnicity",83689,83689,92100,2037,64,1973,1973,-9999,-9999,-9999,5527358,-9999,"0000","Ethnicity",-9999,91,-9999,97,-9999,-9999,-9999,-9999,-9999,-9999,-9999,-9999,-9999,-9999,-9999,91,-9999,
2020-09-23,"","",28,"Mississippi","Non-Hispanic African American",37313,"race / ethnicity",80575,60760,94573,2870,1326,2811,2469,1121752,3326,118,2988762,38,"Yes","Race & Ethnicity",-9999,-9999,-9999,-9999,46,47,-9999,-9999,3326,-9999,-9999,118,-9999,-9999,1121752,46,45.0952380952381,"Yes"
2020-09-23,"","",28,"Mississippi","Non-Hispanic White",33265,"race / ethnicity",80575,60760,94573,2870,1319,2811,2469,1696952,1960,78,2988762,57,"Yes","Race & Ethnicity",-9999,-9999,-9999,-9999,41,47,-9999,-9999,1960,-9999,-9999,78,-9999,-9999,1696952,41,39.8367346938776,"Yes"
2020-09-23,"","",28,"Mississippi","Hispanic",2772,"race / ethnicity",80575,60760,94573,2870,38,2811,2469,90493,3063,42,2988762,3,"Yes","Ethnicity",-9999,5,-9999,2,-9999,-9999,-9999,3063,-9999,-9999,42,-9999,-9999,90493,-9999,5,4.25,"No"
2020-09-23,"","",28,"Mississippi","Race & Ethnicity Missing",13998,"race / ethnicity",80575,60760,94573,2870,60,2811,2469,-9999,-9999,-9999,2988762,-9999,"0000","Race & Ethnicity",-9999,-9999,-9999,-9999,85,98,-9999,-9999,-9999,-9999,-9999,-9999,-9999,-9999,-9999,85,-9999,
2020-09-23,"","",29,"Missouri","African American Alone",11695,"race alone, unknown ethnicity",44440,74680,116946,1947,490,1536,1944,778915,1501,63,6090062,13,"Yes","Race",26,-9999,32,-9999,-9999,-9999,1501,-9999,-9999,63,-9999,-9999,778915,-9999,-9999,26,25.3333333333333,"No"
2020-09-23,"","",29,"Missouri","White Alone",28067,"race alone, unknown ethnicity",44440,74680,116946,1947,969,1536,1944,5151022,545,19,6090062,85,"Yes","Race",63,-9999,63,-9999,-9999,-9999,545,-9999,-9999,19,-9999,-9999,5151022,-9999,-9999,63,61.8513513513514,"Yes"
2020-09-23,"","",29,"Missouri","Hispanic",8010,"race alone, unknown ethnicity",44440,74680,116946,1947,79,1536,1944,249105,3216,32,6090062,4,"Yes","Ethnicity",-9999,11,-9999,4,-9999,-9999,-9999,3216,-9999,-9999,32,-9999,-9999,249105,-9999,11,10.4666666666667,"No"
2020-09-23,"","",29,"Missouri","Non Hispanic",66670,"race alone, unknown ethnicity",44440,74680,116946,1947,1865,1536,1944,5840957,1141,32,6090062,96,"Yes","Ethnicity",-9999,89,-9999,96,-9999,-9999,-9999,1141,-9999,-9999,32,-9999,-9999,5840957,-9999,89,87.9621621621622,"Yes"
2020-09-23,"","",29,"Missouri","Race Missing",72506,"race alone, unknown ethnicity",44440,74680,116946,1947,411,1536,1944,-9999,-9999,-9999,6090062,-9999,"0000","Race",38,-9999,79,-9999,-9999,-9999,-9999,-9999,-9999,-9999,-9999,-9999,-9999,-9999,-9999,38,-9999,
2020-09-23,"","",29,"Missouri","Ethnicity Missing",42263,"race alone, unknown ethnicity",44440,74680,116946,1947,1,1536,1944,-9999,-9999,-9999,6090062,-9999,"0000","Ethnicity",-9999,64,-9999,100,-9999,-9999,-9999,-9999,-9999,-9999,-9999,-9999,-9999,-9999,-9999,64,-9999,
2020-09-23,"","",30,"Montana","White Alone",5477,"race alone, unknown ethnicity",7554,7201,10912,165,80,127,0,953454,574,8,1041732,92,"Yes","Race",73,-9999,63,-9999,-9999,-9999,574,-9999,-9999,8,-9999,-9999,953454,-9999,-9999,73,71.8848484848485,"Yes"
2020-09-23,"","",30,"Montana","American Natives Alone",1871,"race alone, unknown ethnicity",7554,7201,10912,165,47,127,0,85331,2193,55,1041732,8,"Yes","Race",25,-9999,37,-9999,-9999,-9999,2193,-9999,-9999,55,-9999,-9999,85331,-9999,-9999,25,24.5151515151515,"No"
2020-09-23,"","",30,"Montana","Hispanic",368,"race alone, unknown ethnicity",7554,7201,10912,165,-9999,127,0,39019,943,-9999,1041732,4,"Yes","Ethnicity",-9999,5,-9999,-9999,-9999,-9999,-9999,943,-9999,-9999,-9999,-9999,-9999,39019,-9999,5,4.11111111111111,"No"
2020-09-23,"","",30,"Montana","Non Hispanic",6833,"race alone, unknown ethnicity",7554,7201,10912,165,-9999,127,0,1002713,681,-9999,1041732,96,"Yes","Ethnicity",-9999,95,-9999,-9999,-9999,-9999,-9999,681,-9999,-9999,-9999,-9999,-9999,1002713,-9999,95,93.9947643979058,"Yes"
2020-09-23,"","",30,"Montana","Race Missing",3358,"race alone, unknown ethnicity",7554,7201,10912,165,38,127,0,-9999,-9999,-9999,1041732,-9999,"0000","Race",69,-9999,77,-9999,-9999,-9999,-9999,-9999,-9999,-9999,-9999,-9999,-9999,-9999,-9999,69,-9999,
2020-09-23,"","",30,"Montana","Ethnicity Missing",3711,"race alone, unknown ethnicity",7554,7201,10912,165,-9999,127,0,-9999,-9999,-9999,1041732,-9999,"0000","Ethnicity",-9999,66,-9999,-9999,-9999,-9999,-9999,-9999,-9999,-9999,-9999,-9999,-9999,-9999,-9999,66,-9999,
2020-09-23,"","",31,"Nebraska","African American Alone",2300,"race alone, unknown ethnicity",32172,30700,42278,462,33,437,406,113007,2035,29,1904760,6,"Yes","Race",7,-9999,8,-9999,-9999,-9999,2035,-9999,-9999,29,-9999,-9999,113007,-9999,-9999,7,6.07692307692308,"No"
2020-09-23,"","",31,"Nebraska","White Alone",26000,"race alone, unknown ethnicity",32172,30700,42278,462,363,437,406,1709927,1521,21,1904760,90,"Yes","Race",81,-9999,83,-9999,-9999,-9999,1521,-9999,-9999,21,-9999,-9999,1709927,-9999,-9999,81,79.9473684210526,"Yes"
2020-09-23,"","",31,"Nebraska","American Natives Alone",407,"race alone, unknown ethnicity",32172,30700,42278,462,11,437,406,32625,1248,34,1904760,2,"Yes","Race",1,-9999,3,-9999,-9999,-9999,1248,-9999,-9999,34,-9999,-9999,32625,-9999,-9999,1,-0.333333333333333,"No"
2020-09-23,"","",31,"Nebraska","Asian Alone",1500,"race alone, unknown ethnicity",32172,30700,42278,462,18,437,406,56156,2671,32,1904760,3,"Yes","Race",5,-9999,4,-9999,-9999,-9999,2671,-9999,-9999,32,-9999,-9999,56156,-9999,-9999,5,4.25,"No"
2020-09-23,"","",31,"Nebraska","Hispanic",11700,"race alone, unknown ethnicity",32172,30700,42278,462,90,437,406,203281,5756,44,1904760,11,"Yes","Ethnicity",-9999,38,-9999,22,-9999,-9999,-9999,5756,-9999,-9999,44,-9999,-9999,203281,-9999,38,37.5510204081633,"Yes"
2020-09-23,"","",31,"Nebraska","Non Hispanic",19000,"race alone, unknown ethnicity",32172,30700,42278,462,316,437,406,1701479,1117,19,1904760,89,"Yes","Ethnicity",-9999,62,-9999,78,-9999,-9999,-9999,1117,-9999,-9999,19,-9999,-9999,1701479,-9999,62,60.8211920529801,"Yes"
2020-09-23,"","",31,"Nebraska","Race Missing",10106,"race alone, unknown ethnicity",32172,30700,42278,462,25,437,406,-9999,-9999,-9999,1904760,-9999,"0000","Race",76,-9999,95,-9999,-9999,-9999,-9999,-9999,-9999,-9999,-9999,-9999,-9999,-9999,-9999,76,-9999,
2020-09-23,"","",31,"Nebraska","Ethnicity Missing",11578,"race alone, unknown ethnicity",32172,30700,42278,462,56,437,406,-9999,-9999,-9999,1904760,-9999,"0000","Ethnicity",-9999,73,-9999,88,-9999,-9999,-9999,-9999,-9999,-9999,-9999,-9999,-9999,-9999,-9999,73,-9999,
2020-09-23,"","",32,"Nevada","Non-Hispanic African American",4797,"race / ethnicity",57163,57163,76807,1556,125,1036,1036,249967,1919,50,2922849,9,"Yes","Race & Ethnicity",-9999,-9999,-9999,-9999,8,12,-9999,-9999,1919,-9999,-9999,50,-9999,-9999,249967,8,6.94117647058824,"No"
2020-09-23,"","",32,"Nevada","Non-Hispanic White",16047,"race / ethnicity",57163,57163,76807,1556,527,1036,1036,1458093,1101,36,2922849,50,"Yes","Race & Ethnicity",-9999,-9999,-9999,-9999,28,51,-9999,-9999,1101,-9999,-9999,36,-9999,-9999,1458093,28,26.7179487179487,"No"
2020-09-23,"","",32,"Nevada","Non-Hispanic Asian",4350,"race / ethnicity",57163,57163,76807,1556,129,1036,1036,229928,1892,56,2922849,8,"Yes","Race & Ethnicity",-9999,-9999,-9999,-9999,8,12,-9999,-9999,1892,-9999,-9999,56,-9999,-9999,229928,8,7,"No"
2020-09-23,"","",32,"Nevada","Hispanic",25842,"race / ethnicity",57163,57163,76807,1556,242,1036,1036,831597,3108,29,2922849,28,"Yes","Ethnicity",-9999,45,-9999,23,-9999,-9999,-9999,3108,-9999,-9999,29,-9999,-9999,831597,-9999,45,44.2328767123288,"Yes"
2020-09-23,"","",32,"Nevada","Race & Ethnicity Missing",19644,"race / ethnicity",57163,57163,76807,1556,520,1036,1036,-9999,-9999,-9999,2922849,-9999,"0000","Race & Ethnicity",-9999,-9999,-9999,-9999,74,67,-9999,-9999,-9999,-9999,-9999,-9999,-9999,-9999,-9999,74,-9999,
2020-09-23,"","",33,"New Hampshire","Non-Hispanic White",5229,"race / ethnicity",7084,7084,8007,438,401,427,427,1214547,431,33,1343622,90,"Yes","Race & Ethnicity",-9999,-9999,-9999,-9999,74,94,-9999,-9999,431,-9999,-9999,33,-9999,-9999,1214547,74,72.9024390243902,"Yes"
2020-09-23,"","",33,"New Hampshire","Non-Hispanic Asian",220,"race / ethnicity",7084,7084,8007,438,4,427,427,35848,614,11,1343622,3,"Yes","Race & Ethnicity",-9999,-9999,-9999,-9999,3,1,-9999,-9999,614,-9999,-9999,11,-9999,-9999,35848,3,2,"No"
2020-09-23,"","",33,"New Hampshire","Hispanic",1002,"race / ethnicity",7084,7084,8007,438,12,427,427,48356,2072,25,1343622,4,"Yes","Ethnicity",-9999,14,-9999,3,-9999,-9999,-9999,2072,-9999,-9999,25,-9999,-9999,48356,-9999,14,13.5555555555556,"No"
2020-09-23,"","",33,"New Hampshire","Race & Ethnicity Missing",923,"race / ethnicity",7084,7084,8007,438,11,427,427,-9999,-9999,-9999,1343622,-9999,"0000","Race & Ethnicity",-9999,-9999,-9999,-9999,88,97,-9999,-9999,-9999,-9999,-9999,-9999,-9999,-9999,-9999,88,-9999,
2020-09-23,"","",34,"New Jersey","Non-Hispanic African American",21079,"race / ethnicity",130167,130167,200988,16082,2846,15774,15774,1129257,1867,252,8881845,13,"Yes","Race & Ethnicity",-9999,-9999,-9999,-9999,16,18,-9999,-9999,1867,-9999,-9999,252,-9999,-9999,1129257,16,15.1034482758621,"No"
2020-09-23,"","",34,"New Jersey","Non-Hispanic White",48737,"race / ethnicity",130167,130167,200988,16082,8578,15774,15774,4960005,983,173,8881845,56,"Yes","Race & Ethnicity",-9999,-9999,-9999,-9999,37,54,-9999,-9999,983,-9999,-9999,173,-9999,-9999,4960005,37,35.7956989247312,"Yes"
2020-09-23,"","",34,"New Jersey","Non-Hispanic Asian",6599,"race / ethnicity",130167,130167,200988,16082,872,15774,15774,826944,798,105,8881845,9,"Yes","Race & Ethnicity",-9999,-9999,-9999,-9999,5,6,-9999,-9999,798,-9999,-9999,105,-9999,-9999,826944,5,3.71428571428571,"No"
2020-09-23,"","",34,"New Jersey","Hispanic",38678,"race / ethnicity",130167,130167,200988,16082,3180,15774,15774,1768020,2188,180,8881845,20,"Yes","Ethnicity",-9999,30,-9999,20,-9999,-9999,-9999,2188,-9999,-9999,180,-9999,-9999,1768020,-9999,30,29.2,"No"
2020-09-23,"","",34,"New Jersey","Race & Ethnicity Missing",70821,"race / ethnicity",130167,130167,200988,16082,308,15774,15774,-9999,-9999,-9999,8881845,-9999,"0000","Race & Ethnicity",-9999,-9999,-9999,-9999,65,98,-9999,-9999,-9999,-9999,-9999,-9999,-9999,-9999,-9999,65,-9999,
2020-09-23,"","",35,"New Mexico","Non-Hispanic African American",506,"race / ethnicity",25931,25931,27987,857,7,745,745,38016,1331,18,2092434,2,"Yes","Race & Ethnicity",-9999,-9999,-9999,-9999,2,1,-9999,-9999,1331,-9999,-9999,18,-9999,-9999,38016,2,1,"No"
2020-09-23,"","",35,"New Mexico","Non-Hispanic White",4128,"race / ethnicity",25931,25931,27987,857,173,745,745,788308,524,22,2092434,38,"Yes","Race & Ethnicity",-9999,-9999,-9999,-9999,16,23,-9999,-9999,524,-9999,-9999,22,-9999,-9999,788308,16,14.5925925925926,"No"
2020-09-23,"","",35,"New Mexico","Non-Hispanic American Natives",8396,"race / ethnicity",25931,25931,27987,857,404,745,745,183408,4578,220,2092434,9,"Yes","Race & Ethnicity",-9999,-9999,-9999,-9999,32,54,-9999,-9999,4578,-9999,-9999,220,-9999,-9999,183408,32,31.5609756097561,"No"
2020-09-23,"","",35,"New Mexico","Hispanic",12720,"race / ethnicity",25931,25931,27987,857,159,745,745,1015751,1252,16,2092434,49,"Yes","Ethnicity",-9999,49,-9999,21,-9999,-9999,-9999,1252,-9999,-9999,16,-9999,-9999,1015751,-9999,49,48,"Yes"
2020-09-23,"","",35,"New Mexico","Race & Ethnicity Missing",2056,"race / ethnicity",25931,25931,27987,857,112,745,745,-9999,-9999,-9999,2092434,-9999,"0000","Race & Ethnicity",-9999,-9999,-9999,-9999,93,87,-9999,-9999,-9999,-9999,-9999,-9999,-9999,-9999,-9999,93,-9999,
2020-09-23,"","",36,"New York","Race & Ethnicity Missing",451892,"race / ethnicity",0,0,451892,28699,3086,25613,25613,-9999,-9999,-9999,19618453,-9999,"0000","Race & Ethnicity",-9999,-9999,-9999,-9999,0,89,-9999,-9999,-9999,-9999,-9999,-9999,-9999,-9999,-9999,0,-9999,
2020-09-23,"","",37,"North Carolina","African American Alone",36406,"race alone, unknown ethnicity",154814,131379,196501,3316,962,3153,2942,2331119,1562,41,10155624,23,"Yes","Race",24,-9999,31,-9999,-9999,-9999,1562,-9999,-9999,41,-9999,-9999,2331119,-9999,-9999,24,23.0212765957447,"No"
2020-09-23,"","",37,"North Carolina","White Alone",88868,"race alone, unknown ethnicity",154814,131379,196501,3316,1890,3153,2942,7216121,1232,26,10155624,71,"Yes","Race",57,-9999,60,-9999,-9999,-9999,1232,-9999,-9999,26,-9999,-9999,7216121,-9999,-9999,57,55.890625,"Yes"
2020-09-23,"","",37,"North Carolina","American Natives Alone",2433,"race alone, unknown ethnicity",154814,131379,196501,3316,44,3153,2942,198583,1225,22,10155624,2,"Yes","Race",2,-9999,1,-9999,-9999,-9999,1225,-9999,-9999,22,-9999,-9999,198583,-9999,-9999,2,1,"No"
2020-09-23,"","",37,"North Carolina","Asian Alone",3010,"race alone, unknown ethnicity",154814,131379,196501,3316,42,3153,2942,342284,879,12,10155624,3,"Yes","Race",2,-9999,1,-9999,-9999,-9999,879,-9999,-9999,12,-9999,-9999,342284,-9999,-9999,2,0.8,"No"
2020-09-23,"","",37,"North Carolina","Hispanic",45123,"race alone, unknown ethnicity",154814,131379,196501,3316,287,3153,2942,935950,4821,31,10155624,9,"Yes","Ethnicity",-9999,34,-9999,10,-9999,-9999,-9999,4821,-9999,-9999,31,-9999,-9999,935950,-9999,34,33.5813953488372,"Yes"
2020-09-23,"","",37,"North Carolina","Non Hispanic",86256,"race alone, unknown ethnicity",154814,131379,196501,3316,2655,3153,2942,9219674,936,29,10155624,91,"Yes","Ethnicity",-9999,66,-9999,90,-9999,-9999,-9999,936,-9999,-9999,29,-9999,-9999,9219674,-9999,66,64.8407643312102,"Yes"
2020-09-23,"","",37,"North Carolina","Race Missing",41687,"race alone, unknown ethnicity",154814,131379,196501,3316,163,3153,2942,-9999,-9999,-9999,10155624,-9999,"0000","Race",79,-9999,95,-9999,-9999,-9999,-9999,-9999,-9999,-9999,-9999,-9999,-9999,-9999,-9999,79,-9999,
2020-09-23,"","",37,"North Carolina","Ethnicity Missing",65122,"race alone, unknown ethnicity",154814,131379,196501,3316,374,3153,2942,-9999,-9999,-9999,10155624,-9999,"0000","Ethnicity",-9999,67,-9999,89,-9999,-9999,-9999,-9999,-9999,-9999,-9999,-9999,-9999,-9999,-9999,67,-9999,
2020-09-23,"","",38,"North Dakota","African American Alone",1242,"race alone, unknown ethnicity",13445,0,18981,156,-9999,0,0,24749,5018,-9999,752201,3,"Yes","Race",9,-9999,-9999,-9999,-9999,-9999,5018,-9999,-9999,-9999,-9999,-9999,24749,-9999,-9999,9,8.5,"No"
2020-09-23,"","",38,"North Dakota","White Alone",10573,"race alone, unknown ethnicity",13445,0,18981,156,-9999,0,0,672255,1573,-9999,752201,89,"Yes","Race",79,-9999,-9999,-9999,-9999,-9999,1573,-9999,-9999,-9999,-9999,-9999,672255,-9999,-9999,79,77.9404761904762,"Yes"
2020-09-23,"","",38,"North Dakota","American Natives Alone",1014,"race alone, unknown ethnicity",13445,0,18981,156,-9999,0,0,49378,2054,-9999,752201,7,"Yes","Race",8,-9999,-9999,-9999,-9999,-9999,2054,-9999,-9999,-9999,-9999,-9999,49378,-9999,-9999,8,7.06666666666667,"No"
2020-09-23,"","",38,"North Dakota","Asian Alone",276,"race alone, unknown ethnicity",13445,0,18981,156,-9999,0,0,14746,1872,-9999,752201,2,"Yes","Race",2,-9999,-9999,-9999,-9999,-9999,1872,-9999,-9999,-9999,-9999,-9999,14746,-9999,-9999,2,1,"No"
2020-09-23,"","",38,"North Dakota","Race Missing",5536,"race alone, unknown ethnicity",13445,0,18981,156,156,0,0,-9999,-9999,-9999,752201,-9999,"0000","Race",71,-9999,0,-9999,-9999,-9999,-9999,-9999,-9999,-9999,-9999,-9999,-9999,-9999,-9999,71,-9999,
2020-09-23,"","",38,"North Dakota","Ethnicity Missing",18981,"race alone, unknown ethnicity",13445,0,18981,156,156,0,0,-9999,-9999,-9999,752201,-9999,"0000","Ethnicity",-9999,0,-9999,0,-9999,-9999,-9999,-9999,-9999,-9999,-9999,-9999,-9999,-9999,-9999,0,-9999,
2020-09-23,"","",39,"Ohio","African American Alone",29759,"race alone, unknown ethnicity",129848,114631,146753,4687,854,4619,4570,1639043,1816,52,11641879,14,"Yes","Race",23,-9999,18,-9999,-9999,-9999,1816,-9999,-9999,52,-9999,-9999,1639043,-9999,-9999,23,22.2432432432432,"No"
2020-09-23,"","",39,"Ohio","White Alone",82075,"race alone, unknown ethnicity",129848,114631,146753,4687,3618,4619,4570,9787581,839,37,11641879,84,"Yes","Race",63,-9999,78,-9999,-9999,-9999,839,-9999,-9999,37,-9999,-9999,9787581,-9999,-9999,63,61.8571428571429,"Yes"
2020-09-23,"","",39,"Ohio","Asian Alone",3703,"race alone, unknown ethnicity",129848,114631,146753,4687,47,4619,4570,314709,1177,15,11641879,3,"Yes","Race",3,-9999,1,-9999,-9999,-9999,1177,-9999,-9999,15,-9999,-9999,314709,-9999,-9999,3,2,"No"
2020-09-23,"","",39,"Ohio","Hispanic",8954,"race alone, unknown ethnicity",129848,114631,146753,4687,102,4619,4570,431327,2076,24,11641879,4,"Yes","Ethnicity",-9999,8,-9999,2,-9999,-9999,-9999,2076,-9999,-9999,24,-9999,-9999,431327,-9999,8,7.33333333333333,"No"
2020-09-23,"","",39,"Ohio","Non Hispanic",105677,"race alone, unknown ethnicity",129848,114631,146753,4687,4468,4619,4570,11210552,943,40,11641879,96,"Yes","Ethnicity",-9999,92,-9999,98,-9999,-9999,-9999,943,-9999,-9999,40,-9999,-9999,11210552,-9999,92,90.9787234042553,"Yes"
2020-09-23,"","",39,"Ohio","Race Missing",16905,"race alone, unknown ethnicity",129848,114631,146753,4687,68,4619,4570,-9999,-9999,-9999,11641879,-9999,"0000","Race",88,-9999,99,-9999,-9999,-9999,-9999,-9999,-9999,-9999,-9999,-9999,-9999,-9999,-9999,88,-9999,
2020-09-23,"","",39,"Ohio","Ethnicity Missing",32122,"race alone, unknown ethnicity",129848,114631,146753,4687,117,4619,4570,-9999,-9999,-9999,11641879,-9999,"0000","Ethnicity",-9999,78,-9999,98,-9999,-9999,-9999,-9999,-9999,-9999,-9999,-9999,-9999,-9999,-9999,78,-9999,
2020-09-23,"","",40,"Oklahoma","African American Alone",5749,"race alone, unknown ethnicity",64836,57559,80161,970,65,907,821,358388,1604,18,3918137,9,"Yes","Race",9,-9999,7,-9999,-9999,-9999,1604,-9999,-9999,18,-9999,-9999,358388,-9999,-9999,9,8,"No"
2020-09-23,"","",40,"Oklahoma","White Alone",45362,"race alone, unknown ethnicity",64836,57559,80161,970,693,907,821,3114548,1456,22,3918137,79,"Yes","Race",70,-9999,76,-9999,-9999,-9999,1456,-9999,-9999,22,-9999,-9999,3114548,-9999,-9999,70,68.9395973154362,"Yes"
2020-09-23,"","",40,"Oklahoma","American Natives Alone",7836,"race alone, unknown ethnicity",64836,57559,80161,970,98,907,821,523360,1497,19,3918137,13,"Yes","Race",12,-9999,11,-9999,-9999,-9999,1497,-9999,-9999,19,-9999,-9999,523360,-9999,-9999,12,10.96,"No"
2020-09-23,"","",40,"Oklahoma","Asian Alone",2716,"race alone, unknown ethnicity",64836,57559,80161,970,21,907,821,109897,2471,19,3918137,3,"Yes","Race",4,-9999,2,-9999,-9999,-9999,2471,-9999,-9999,19,-9999,-9999,109897,-9999,-9999,4,3.14285714285714,"No"
2020-09-23,"","",40,"Oklahoma","Hispanic",13232,"race alone, unknown ethnicity",64836,57559,80161,970,63,907,821,407521,3247,15,3918137,10,"Yes","Ethnicity",-9999,23,-9999,8,-9999,-9999,-9999,3247,-9999,-9999,15,-9999,-9999,407521,-9999,23,22.3939393939394,"No"
2020-09-23,"","",40,"Oklahoma","Non Hispanic",44327,"race alone, unknown ethnicity",64836,57559,80161,970,758,907,821,3510616,1263,22,3918137,90,"Yes","Ethnicity",-9999,77,-9999,92,-9999,-9999,-9999,1263,-9999,-9999,22,-9999,-9999,3510616,-9999,77,75.9221556886228,"Yes"
2020-09-23,"","",40,"Oklahoma","Race Missing",15325,"race alone, unknown ethnicity",64836,57559,80161,970,63,907,821,-9999,-9999,-9999,3918137,-9999,"0000","Race",81,-9999,94,-9999,-9999,-9999,-9999,-9999,-9999,-9999,-9999,-9999,-9999,-9999,-9999,81,-9999,
2020-09-23,"","",40,"Oklahoma","Ethnicity Missing",22602,"race alone, unknown ethnicity",64836,57559,80161,970,149,907,821,-9999,-9999,-9999,3918137,-9999,"0000","Ethnicity",-9999,72,-9999,85,-9999,-9999,-9999,-9999,-9999,-9999,-9999,-9999,-9999,-9999,-9999,72,-9999,
2020-09-23,"","",41,"Oregon","African American Alone",1057,"race alone, unknown ethnicity",27770,27890,31503,538,12,473,447,116586,907,10,4081943,3,"Yes","Race",4,-9999,3,-9999,-9999,-9999,907,-9999,-9999,10,-9999,-9999,116586,-9999,-9999,4,3.14285714285714,"No"
2020-09-23,"","",41,"Oregon","White Alone",13044,"race alone, unknown ethnicity",27770,27890,31503,538,355,473,447,3624960,360,10,4081943,89,"Yes","Race",47,-9999,75,-9999,-9999,-9999,360,-9999,-9999,10,-9999,-9999,3624960,-9999,-9999,47,45.6911764705882,"Yes"
2020-09-23,"","",41,"Oregon","American Natives Alone",793,"race alone, unknown ethnicity",27770,27890,31503,538,12,473,447,128382,618,9,4081943,3,"Yes","Race",3,-9999,3,-9999,-9999,-9999,618,-9999,-9999,9,-9999,-9999,128382,-9999,-9999,3,2,"No"
2020-09-23,"","",41,"Oregon","Asian Alone",933,"race alone, unknown ethnicity",27770,27890,31503,538,19,473,447,239111,390,8,4081943,6,"Yes","Race",3,-9999,4,-9999,-9999,-9999,390,-9999,-9999,8,-9999,-9999,239111,-9999,-9999,3,1.66666666666667,"No"
2020-09-23,"","",41,"Oregon","Hispanic",12331,"race alone, unknown ethnicity",27770,27890,31503,538,74,473,447,523956,2353,14,4081943,13,"Yes","Ethnicity",-9999,44,-9999,17,-9999,-9999,-9999,2353,-9999,-9999,14,-9999,-9999,523956,-9999,44,43.5438596491228,"Yes"
2020-09-23,"","",41,"Oregon","Non Hispanic",15559,"race alone, unknown ethnicity",27770,27890,31503,538,373,473,447,3557987,437,10,4081943,87,"Yes","Ethnicity",-9999,56,-9999,83,-9999,-9999,-9999,437,-9999,-9999,10,-9999,-9999,3557987,-9999,56,54.7832167832168,"Yes"
2020-09-23,"","",41,"Oregon","Race Missing",3733,"race alone, unknown ethnicity",27770,27890,31503,538,65,473,447,-9999,-9999,-9999,4081943,-9999,"0000","Race",88,-9999,88,-9999,-9999,-9999,-9999,-9999,-9999,-9999,-9999,-9999,-9999,-9999,-9999,88,-9999,
2020-09-23,"","",41,"Oregon","Ethnicity Missing",3613,"race alone, unknown ethnicity",27770,27890,31503,538,91,473,447,-9999,-9999,-9999,4081943,-9999,"0000","Ethnicity",-9999,89,-9999,83,-9999,-9999,-9999,-9999,-9999,-9999,-9999,-9999,-9999,-9999,-9999,89,-9999,
2020-09-23,"","",42,"Pennsylvania","African American Alone",20348,"race alone, unknown ethnicity",82232,52605,152544,8062,1651,7934,7934,1607606,1266,103,12791181,13,"Yes","Race",25,-9999,21,-9999,-9999,-9999,1266,-9999,-9999,103,-9999,-9999,1607606,-9999,-9999,25,24.3157894736842,"No"
2020-09-23,"","",42,"Pennsylvania","White Alone",57739,"race alone, unknown ethnicity",82232,52605,152544,8062,5738,7934,7934,10609391,544,54,12791181,83,"Yes","Race",70,-9999,72,-9999,-9999,-9999,544,-9999,-9999,54,-9999,-9999,10609391,-9999,-9999,70,68.9150326797386,"Yes"
2020-09-23,"","",42,"Pennsylvania","Asian Alone",2670,"race alone, unknown ethnicity",82232,52605,152544,8062,166,7934,7934,500228,534,33,12791181,4,"Yes","Race",3,-9999,2,-9999,-9999,-9999,534,-9999,-9999,33,-9999,-9999,500228,-9999,-9999,3,1.85714285714286,"No"
2020-09-23,"","",42,"Pennsylvania","Hispanic",12637,"race alone, unknown ethnicity",82232,52605,152544,8062,468,7934,7934,905156,1396,52,12791181,7,"Yes","Ethnicity",-9999,24,-9999,6,-9999,-9999,-9999,1396,-9999,-9999,52,-9999,-9999,905156,-9999,24,23.5483870967742,"No"
2020-09-23,"","",42,"Pennsylvania","Non Hispanic",39968,"race alone, unknown ethnicity",82232,52605,152544,8062,7466,7934,7934,11886025,336,63,12791181,93,"Yes","Ethnicity",-9999,76,-9999,94,-9999,-9999,-9999,336,-9999,-9999,63,-9999,-9999,11886025,-9999,76,74.8994082840237,"Yes"
2020-09-23,"","",42,"Pennsylvania","Race Missing",70312,"race alone, unknown ethnicity",82232,52605,152544,8062,128,7934,7934,-9999,-9999,-9999,12791181,-9999,"0000","Race",54,-9999,98,-9999,-9999,-9999,-9999,-9999,-9999,-9999,-9999,-9999,-9999,-9999,-9999,54,-9999,
2020-09-23,"","",42,"Pennsylvania","Ethnicity Missing",99939,"race alone, unknown ethnicity",82232,52605,152544,8062,128,7934,7934,-9999,-9999,-9999,12791181,-9999,"0000","Ethnicity",-9999,34,-9999,98,-9999,-9999,-9999,-9999,-9999,-9999,-9999,-9999,-9999,-9999,-9999,34,-9999,
2020-09-23,"","",44,"Rhode Island","Non-Hispanic African American",2230,"race / ethnicity",18150,18150,24177,1102,56,899,899,59001,3780,95,1056611,6,"Yes","Race & Ethnicity",-9999,-9999,-9999,-9999,12,6,-9999,-9999,3780,-9999,-9999,95,-9999,-9999,59001,12,11.3333333333333,"No"
2020-09-23,"","",44,"Rhode Island","Non-Hispanic White",6830,"race / ethnicity",18150,18150,24177,1102,724,899,899,767727,890,94,1056611,73,"Yes","Race & Ethnicity",-9999,-9999,-9999,-9999,38,81,-9999,-9999,890,-9999,-9999,94,-9999,-9999,767727,38,36.6846846846847,"Yes"
2020-09-23,"","",44,"Rhode Island","Non-Hispanic Asian",359,"race / ethnicity",18150,18150,24177,1102,13,899,899,35128,1022,37,1056611,3,"Yes","Race & Ethnicity",-9999,-9999,-9999,-9999,2,1,-9999,-9999,1022,-9999,-9999,37,-9999,-9999,35128,2,0.8,"No"
2020-09-23,"","",44,"Rhode Island","Hispanic",8187,"race / ethnicity",18150,18150,24177,1102,104,899,899,158858,5154,65,1056611,15,"Yes","Ethnicity",-9999,45,-9999,12,-9999,-9999,-9999,5154,-9999,-9999,65,-9999,-9999,158858,-9999,45,44.5,"Yes"
2020-09-23,"","",44,"Rhode Island","Race & Ethnicity Missing",6027,"race / ethnicity",18150,18150,24177,1102,203,899,899,-9999,-9999,-9999,1056611,-9999,"0000","Race & Ethnicity",-9999,-9999,-9999,-9999,75,82,-9999,-9999,-9999,-9999,-9999,-9999,-9999,-9999,-9999,75,-9999,
2020-09-23,"","",45,"South Carolina","African American Alone",37318,"race alone, unknown ethnicity",101988,84622,141686,3262,1141,2814,2468,1401775,2662,81,4955925,28,"Yes","Race",37,-9999,41,-9999,-9999,-9999,2662,-9999,-9999,81,-9999,-9999,1401775,-9999,-9999,37,36.1384615384615,"Yes"
2020-09-23,"","",45,"South Carolina","White Alone",54045,"race alone, unknown ethnicity",101988,84622,141686,3262,1569,2814,2468,3428119,1577,46,4955925,69,"Yes","Race",53,-9999,56,-9999,-9999,-9999,1577,-9999,-9999,46,-9999,-9999,3428119,-9999,-9999,53,51.8688524590164,"Yes"
2020-09-23,"","",45,"South Carolina","Asian Alone",1345,"race alone, unknown ethnicity",101988,84622,141686,3262,23,2814,2468,98546,1365,23,4955925,2,"Yes","Race",1,-9999,1,-9999,-9999,-9999,1365,-9999,-9999,23,-9999,-9999,98546,-9999,-9999,1,-0.333333333333333,"No"
2020-09-23,"","",45,"South Carolina","Hispanic",11262,"race alone, unknown ethnicity",101988,84622,141686,3262,101,2814,2468,275685,4085,37,4955925,6,"Yes","Ethnicity",-9999,13,-9999,4,-9999,-9999,-9999,4085,-9999,-9999,37,-9999,-9999,275685,-9999,13,12.3684210526316,"No"
2020-09-23,"","",45,"South Carolina","Non Hispanic",73360,"race alone, unknown ethnicity",101988,84622,141686,3262,2367,2814,2468,4680240,1567,51,4955925,94,"Yes","Ethnicity",-9999,87,-9999,96,-9999,-9999,-9999,1567,-9999,-9999,51,-9999,-9999,4680240,-9999,87,85.9613259668508,"Yes"
2020-09-23,"","",45,"South Carolina","Race Missing",39698,"race alone, unknown ethnicity",101988,84622,141686,3262,448,2814,2468,-9999,-9999,-9999,4955925,-9999,"0000","Race",72,-9999,86,-9999,-9999,-9999,-9999,-9999,-9999,-9999,-9999,-9999,-9999,-9999,-9999,72,-9999,
2020-09-23,"","",45,"South Carolina","Ethnicity Missing",57064,"race alone, unknown ethnicity",101988,84622,141686,3262,794,2814,2468,-9999,-9999,-9999,4955925,-9999,"0000","Ethnicity",-9999,60,-9999,76,-9999,-9999,-9999,-9999,-9999,-9999,-9999,-9999,-9999,-9999,-9999,60,-9999,
2020-09-23,"","",46,"South Dakota","Non-Hispanic African American",1253,"race / ethnicity",19634,19634,19634,202,2,202,202,15840,7910,13,864289,2,"Yes","Race & Ethnicity",-9999,-9999,-9999,-9999,6,1,-9999,-9999,7910,-9999,-9999,13,-9999,-9999,15840,6,5.5,"No"
2020-09-23,"","",46,"South Dakota","Non-Hispanic White",11791,"race / ethnicity",19634,19634,19634,202,130,202,202,710810,1659,18,864289,82,"Yes","Race & Ethnicity",-9999,-9999,-9999,-9999,60,64,-9999,-9999,1659,-9999,-9999,18,-9999,-9999,710810,60,58.8450704225352,"Yes"
2020-09-23,"","",46,"South Dakota","Non-Hispanic American Natives",2353,"race / ethnicity",19634,19634,19634,202,42,202,202,72263,3256,58,864289,8,"Yes","Race & Ethnicity",-9999,-9999,-9999,-9999,12,21,-9999,-9999,3256,-9999,-9999,58,-9999,-9999,72263,12,11.2,"No"
2020-09-23,"","",46,"South Dakota","Hispanic",1506,"race / ethnicity",19634,19634,19634,202,6,202,202,31995,4707,19,864289,4,"Yes","Ethnicity",-9999,8,-9999,3,-9999,-9999,-9999,4707,-9999,-9999,19,-9999,-9999,31995,-9999,8,7.33333333333333,"No"
2020-09-23,"","",46,"South Dakota","Race & Ethnicity Missing",0,"race / ethnicity",19634,19634,19634,202,0,202,202,-9999,-9999,-9999,864289,-9999,"0000","Race & Ethnicity",-9999,-9999,-9999,-9999,100,100,-9999,-9999,-9999,-9999,-9999,-9999,-9999,-9999,-9999,100,-9999,
2020-09-23,"","",47,"Tennessee","African American Alone",34474,"race alone, unknown ethnicity",160773,148789,186709,2275,624,2263,2263,1188326,2901,53,6651089,18,"Yes","Race",21,-9999,28,-9999,-9999,-9999,2901,-9999,-9999,53,-9999,-9999,1188326,-9999,-9999,21,20.0769230769231,"No"
2020-09-23,"","",47,"Tennessee","White Alone",101155,"race alone, unknown ethnicity",160773,148789,186709,2275,1513,2263,2263,5295618,1910,29,6651089,80,"Yes","Race",63,-9999,67,-9999,-9999,-9999,1910,-9999,-9999,29,-9999,-9999,5295618,-9999,-9999,63,61.8811188811189,"Yes"
2020-09-23,"","",47,"Tennessee","Asian Alone",1719,"race alone, unknown ethnicity",160773,148789,186709,2275,21,2263,2263,142769,1204,15,6651089,2,"Yes","Race",1,-9999,1,-9999,-9999,-9999,1204,-9999,-9999,15,-9999,-9999,142769,-9999,-9999,1,-0.333333333333333,"No"
2020-09-23,"","",47,"Tennessee","Hispanic",24874,"race alone, unknown ethnicity",160773,148789,186709,2275,140,2263,2263,352402,7058,40,6651089,5,"Yes","Ethnicity",-9999,17,-9999,6,-9999,-9999,-9999,7058,-9999,-9999,40,-9999,-9999,352402,-9999,17,16.5454545454545,"No"
2020-09-23,"","",47,"Tennessee","Non Hispanic",123915,"race alone, unknown ethnicity",160773,148789,186709,2275,2123,2263,2263,6298687,1967,34,6651089,95,"Yes","Ethnicity",-9999,83,-9999,94,-9999,-9999,-9999,1967,-9999,-9999,34,-9999,-9999,6298687,-9999,83,81.9325842696629,"Yes"
2020-09-23,"","",47,"Tennessee","Race Missing",25936,"race alone, unknown ethnicity",160773,148789,186709,2275,12,2263,2263,-9999,-9999,-9999,6651089,-9999,"0000","Race",86,-9999,99,-9999,-9999,-9999,-9999,-9999,-9999,-9999,-9999,-9999,-9999,-9999,-9999,86,-9999,
2020-09-23,"","",47,"Tennessee","Ethnicity Missing",37920,"race alone, unknown ethnicity",160773,148789,186709,2275,12,2263,2263,-9999,-9999,-9999,6651089,-9999,"0000","Ethnicity",-9999,80,-9999,99,-9999,-9999,-9999,-9999,-9999,-9999,-9999,-9999,-9999,-9999,-9999,80,-9999,
2020-09-23,"","",48,"Texas","Non-Hispanic African American",8797,"race / ethnicity",46703,46703,719599,15129,1713,15121,15121,3269253,269,52,27885195,12,"Yes","Race & Ethnicity",-9999,-9999,-9999,-9999,19,11,-9999,-9999,269,-9999,-9999,52,-9999,-9999,3269253,19,18.2258064516129,"No"
2020-09-23,"","",48,"Texas","Non-Hispanic White",15798,"race / ethnicity",46703,46703,719599,15129,4552,15121,15121,11807263,134,39,27885195,42,"Yes","Race & Ethnicity",-9999,-9999,-9999,-9999,34,30,-9999,-9999,134,-9999,-9999,39,-9999,-9999,11807263,34,32.8947368421053,"No"
2020-09-23,"","",48,"Texas","Non-Hispanic Asian",793,"race / ethnicity",46703,46703,719599,15129,286,15121,15121,1292813,61,22,27885195,5,"Yes","Race & Ethnicity",-9999,-9999,-9999,-9999,2,2,-9999,-9999,61,-9999,-9999,22,-9999,-9999,1292813,2,0.571428571428571,"No"
2020-09-23,"","",48,"Texas","Hispanic",21074,"race / ethnicity",46703,46703,719599,15129,8488,15121,15121,10921556,193,78,27885195,39,"Yes","Ethnicity",-9999,45,-9999,56,-9999,-9999,-9999,193,-9999,-9999,78,-9999,-9999,10921556,-9999,45,44.0714285714286,"Yes"
2020-09-23,"","",48,"Texas","Race & Ethnicity Missing",672896,"race / ethnicity",46703,46703,719599,15129,8,15121,15121,-9999,-9999,-9999,27885195,-9999,"0000","Race & Ethnicity",-9999,-9999,-9999,-9999,6,100,-9999,-9999,-9999,-9999,-9999,-9999,-9999,-9999,-9999,6,-9999,
2020-09-23,"","",49,"Utah","Non-Hispanic White",30860,"race / ethnicity",66480,59199,65921,444,229,453,420,2394238,1289,10,3045350,79,"Yes","Race & Ethnicity",-9999,-9999,-9999,-9999,46,51,-9999,-9999,1289,-9999,-9999,10,-9999,-9999,2394238,46,44.736,"Yes"
2020-09-23,"","",49,"Utah","Non-Hispanic Asian",1519,"race / ethnicity",66480,59199,65921,444,23,453,420,68747,2210,33,3045350,2,"Yes","Race & Ethnicity",-9999,-9999,-9999,-9999,2,5,-9999,-9999,2210,-9999,-9999,33,-9999,-9999,68747,2,1,"No"
2020-09-23,"","",49,"Utah","Hispanic",21669,"race / ethnicity",66480,59199,65921,444,100,453,420,422123,5133,24,3045350,14,"Yes","Ethnicity",-9999,37,-9999,24,-9999,-9999,-9999,5133,-9999,-9999,24,-9999,-9999,422123,-9999,37,36.4509803921569,"Yes"
2020-09-23,"","",49,"Utah","Race & Ethnicity Missing",6722,"race / ethnicity",66480,59199,65921,444,24,453,420,-9999,-9999,-9999,3045350,-9999,"0000","Race & Ethnicity",-9999,-9999,-9999,-9999,90,95,-9999,-9999,-9999,-9999,-9999,-9999,-9999,-9999,-9999,90,-9999,
2020-09-23,"","",50,"Vermont","African American Alone",174,"race alone, unknown ethnicity",1713,1717,1722,58,-9999,58,58,11345,1534,-9999,624977,2,"Yes","Race",10,-9999,-9999,-9999,-9999,-9999,1534,-9999,-9999,-9999,-9999,-9999,11345,-9999,-9999,10,9.66666666666667,"No"
2020-09-23,"","",50,"Vermont","White Alone",1433,"race alone, unknown ethnicity",1713,1717,1722,58,55,58,58,600911,238,9,624977,96,"Yes","Race",84,-9999,95,-9999,-9999,-9999,238,-9999,-9999,9,-9999,-9999,600911,-9999,-9999,84,82.9333333333333,"Yes"
2020-09-23,"","",50,"Vermont","Asian Alone",66,"race alone, unknown ethnicity",1713,1717,1722,58,2,58,58,13755,480,15,624977,2,"Yes","Race",4,-9999,3,-9999,-9999,-9999,480,-9999,-9999,15,-9999,-9999,13755,-9999,-9999,4,3.33333333333333,"No"
2020-09-23,"","",50,"Vermont","Hispanic",59,"race alone, unknown ethnicity",1713,1717,1722,58,0,58,58,11677,505,0,624977,2,"Yes","Ethnicity",-9999,3,-9999,0,-9999,-9999,-9999,505,-9999,-9999,0,-9999,-9999,11677,-9999,3,2.2,"No"
2020-09-23,"","",50,"Vermont","Non Hispanic",1658,"race alone, unknown ethnicity",1713,1717,1722,58,58,58,58,613300,270,9,624977,98,"Yes","Ethnicity",-9999,97,-9999,100,-9999,-9999,-9999,270,-9999,-9999,9,-9999,-9999,613300,-9999,97,95.9948717948718,"Yes"
2020-09-23,"","",50,"Vermont","Race Missing",9,"race alone, unknown ethnicity",1713,1717,1722,58,0,58,58,-9999,-9999,-9999,624977,-9999,"0000","Race",99,-9999,100,-9999,-9999,-9999,-9999,-9999,-9999,-9999,-9999,-9999,-9999,-9999,-9999,99,-9999,
2020-09-23,"","",50,"Vermont","Ethnicity Missing",5,"race alone, unknown ethnicity",1713,1717,1722,58,0,58,58,-9999,-9999,-9999,624977,-9999,"0000","Ethnicity",-9999,100,-9999,100,-9999,-9999,-9999,-9999,-9999,-9999,-9999,-9999,-9999,-9999,-9999,100,-9999,
2020-09-23,"","",51,"Virginia","Non-Hispanic African American",28496,"race / ethnicity",111546,111546,142590,3089,806,2981,2981,1582421,1801,51,8413774,19,"Yes","Race & Ethnicity",-9999,-9999,-9999,-9999,26,27,-9999,-9999,1801,-9999,-9999,51,-9999,-9999,1582421,26,25.1555555555556,"No"
2020-09-23,"","",51,"Virginia","Non-Hispanic White",40376,"race / ethnicity",111546,111546,142590,3089,1671,2981,2981,5233111,772,32,8413774,62,"Yes","Race & Ethnicity",-9999,-9999,-9999,-9999,36,56,-9999,-9999,772,-9999,-9999,32,-9999,-9999,5233111,36,34.734693877551,"Yes"
2020-09-23,"","",51,"Virginia","Non-Hispanic Asian",4344,"race / ethnicity",111546,111546,142590,3089,144,2981,2981,526973,824,27,8413774,6,"Yes","Race & Ethnicity",-9999,-9999,-9999,-9999,4,5,-9999,-9999,824,-9999,-9999,27,-9999,-9999,526973,4,2.8,"No"
2020-09-23,"","",51,"Virginia","Hispanic",33794,"race / ethnicity",111546,111546,142590,3089,300,2981,2981,771177,4382,39,8413774,9,"Yes","Ethnicity",-9999,30,-9999,10,-9999,-9999,-9999,4382,-9999,-9999,39,-9999,-9999,771177,-9999,30,29.5384615384615,"No"
2020-09-23,"","",51,"Virginia","Race & Ethnicity Missing",31044,"race / ethnicity",111546,111546,142590,3089,108,2981,2981,-9999,-9999,-9999,8413774,-9999,"0000","Race & Ethnicity",-9999,-9999,-9999,-9999,78,97,-9999,-9999,-9999,-9999,-9999,-9999,-9999,-9999,-9999,78,-9999,
2020-09-23,"","",53,"Washington","Non-Hispanic African American",3419,"race / ethnicity",57655,57655,83702,2081,68,2048,2048,259482,1318,26,7294336,4,"Yes","Race & Ethnicity",-9999,-9999,-9999,-9999,6,3,-9999,-9999,1318,-9999,-9999,26,-9999,-9999,259482,6,5.2,"No"
2020-09-23,"","",53,"Washington","Non-Hispanic White",22399,"race / ethnicity",57655,57655,83702,2081,1386,2048,2048,5039208,444,28,7294336,69,"Yes","Race & Ethnicity",-9999,-9999,-9999,-9999,39,68,-9999,-9999,444,-9999,-9999,28,-9999,-9999,5039208,39,37.7222222222222,"Yes"
2020-09-23,"","",53,"Washington","Non-Hispanic Asian",2821,"race / ethnicity",57655,57655,83702,2081,153,2048,2048,602020,469,25,7294336,8,"Yes","Race & Ethnicity",-9999,-9999,-9999,-9999,5,7,-9999,-9999,469,-9999,-9999,25,-9999,-9999,602020,5,3.76923076923077,"No"
2020-09-23,"","",53,"Washington","Hispanic",23950,"race / ethnicity",57655,57655,83702,2081,293,2048,2048,911573,2627,32,7294336,12,"Yes","Ethnicity",-9999,42,-9999,14,-9999,-9999,-9999,2627,-9999,-9999,32,-9999,-9999,911573,-9999,42,41.5555555555556,"Yes"
2020-09-23,"","",53,"Washington","Race & Ethnicity Missing",26047,"race / ethnicity",57655,57655,83702,2081,33,2048,2048,-9999,-9999,-9999,7294336,-9999,"0000","Race & Ethnicity",-9999,-9999,-9999,-9999,69,98,-9999,-9999,-9999,-9999,-9999,-9999,-9999,-9999,-9999,69,-9999,
2020-09-23,"","",54,"West Virginia","African American Alone",873,"race alone, unknown ethnicity",14504,0,14504,319,7,319,0,84775,1030,8,1829054,5,"Yes","Race",6,-9999,2,-9999,-9999,-9999,1030,-9999,-9999,8,-9999,-9999,84775,-9999,-9999,6,5.09090909090909,"No"
2020-09-23,"","",54,"West Virginia","White Alone",11377,"race alone, unknown ethnicity",14504,0,14504,319,266,319,0,1734493,656,15,1829054,95,"Yes","Race",78,-9999,83,-9999,-9999,-9999,656,-9999,-9999,15,-9999,-9999,1734493,-9999,-9999,78,76.9017341040462,"Yes"
2020-09-23,"","",54,"West Virginia","Race Missing",0,"race alone, unknown ethnicity",14504,0,14504,319,0,319,0,-9999,-9999,-9999,1829054,-9999,"0000","Race",100,-9999,100,-9999,-9999,-9999,-9999,-9999,-9999,-9999,-9999,-9999,-9999,-9999,-9999,100,-9999,
2020-09-23,"","",54,"West Virginia","Ethnicity Missing",-9999,"race alone, unknown ethnicity",14504,0,14504,319,-9999,319,0,-9999,-9999,-9999,1829054,-9999,"0000","Ethnicity",-9999,-9999,-9999,-9999,-9999,-9999,-9999,-9999,-9999,-9999,-9999,-9999,-9999,-9999,-9999,-9999,-9999,
2020-09-23,"","",55,"Wisconsin","African American Alone",11242,"race alone, unknown ethnicity",101614,96471,112222,1268,233,1249,1244,431044,2608,54,5778394,7,"Yes","Race",11,-9999,19,-9999,-9999,-9999,2608,-9999,-9999,54,-9999,-9999,431044,-9999,-9999,11,10.2222222222222,"No"
2020-09-23,"","",55,"Wisconsin","White Alone",77222,"race alone, unknown ethnicity",101614,96471,112222,1268,940,1249,1244,5070544,1523,19,5778394,88,"Yes","Race",76,-9999,75,-9999,-9999,-9999,1523,-9999,-9999,19,-9999,-9999,5070544,-9999,-9999,76,74.9268292682927,"Yes"
2020-09-23,"","",55,"Wisconsin","American Natives Alone",1191,"race alone, unknown ethnicity",101614,96471,112222,1268,16,1249,1244,92282,1291,17,5778394,2,"Yes","Race",1,-9999,1,-9999,-9999,-9999,1291,-9999,-9999,17,-9999,-9999,92282,-9999,-9999,1,-0.333333333333333,"No"
2020-09-23,"","",55,"Wisconsin","Asian Alone",2690,"race alone, unknown ethnicity",101614,96471,112222,1268,35,1249,1244,189998,1416,18,5778394,3,"Yes","Race",3,-9999,3,-9999,-9999,-9999,1416,-9999,-9999,18,-9999,-9999,189998,-9999,-9999,3,2,"No"
2020-09-23,"","",55,"Wisconsin","Hispanic",19540,"race alone, unknown ethnicity",101614,96471,112222,1268,150,1249,1244,385779,5065,39,5778394,7,"Yes","Ethnicity",-9999,20,-9999,12,-9999,-9999,-9999,5065,-9999,-9999,39,-9999,-9999,385779,-9999,20,19.4814814814815,"No"
2020-09-23,"","",55,"Wisconsin","Non Hispanic",76931,"race alone, unknown ethnicity",101614,96471,112222,1268,1094,1249,1244,5392615,1427,20,5778394,93,"Yes","Ethnicity",-9999,80,-9999,88,-9999,-9999,-9999,1427,-9999,-9999,20,-9999,-9999,5392615,-9999,80,78.9248554913295,"Yes"
2020-09-23,"","",55,"Wisconsin","Race Missing",10608,"race alone, unknown ethnicity",101614,96471,112222,1268,19,1249,1244,-9999,-9999,-9999,5778394,-9999,"0000","Race",91,-9999,99,-9999,-9999,-9999,-9999,-9999,-9999,-9999,-9999,-9999,-9999,-9999,-9999,91,-9999,
2020-09-23,"","",55,"Wisconsin","Ethnicity Missing",15751,"race alone, unknown ethnicity",101614,96471,112222,1268,24,1249,1244,-9999,-9999,-9999,5778394,-9999,"0000","Ethnicity",-9999,86,-9999,98,-9999,-9999,-9999,-9999,-9999,-9999,-9999,-9999,-9999,-9999,-9999,86,-9999,
2020-09-23,"","",56,"Wyoming","African American Alone",48,"race alone, unknown ethnicity",4278,4278,5169,50,1,41,41,9555,502,10,581836,2,"Yes","Race",1,-9999,2,-9999,-9999,-9999,502,-9999,-9999,10,-9999,-9999,9555,-9999,-9999,1,-0.333333333333333,"No"
2020-09-23,"","",56,"Wyoming","White Alone",2778,"race alone, unknown ethnicity",4278,4278,5169,50,23,41,41,546808,508,4,581836,94,"Yes","Race",65,-9999,56,-9999,-9999,-9999,508,-9999,-9999,4,-9999,-9999,546808,-9999,-9999,65,63.8176100628931,"Yes"
2020-09-23,"","",56,"Wyoming","American Natives Alone",502,"race alone, unknown ethnicity",4278,4278,5169,50,15,41,41,21716,2312,69,581836,4,"Yes","Race",12,-9999,37,-9999,-9999,-9999,2312,-9999,-9999,69,-9999,-9999,21716,-9999,-9999,12,11.5,"No"
2020-09-23,"","",56,"Wyoming","Hispanic",646,"race alone, unknown ethnicity",4278,4278,5169,50,2,41,41,56966,1134,4,581836,10,"Yes","Ethnicity",-9999,15,-9999,5,-9999,-9999,-9999,1134,-9999,-9999,4,-9999,-9999,56966,-9999,15,14.2,"No"
2020-09-23,"","",56,"Wyoming","Non Hispanic",3632,"race alone, unknown ethnicity",4278,4278,5169,50,39,41,41,524870,692,7,581836,90,"Yes","Ethnicity",-9999,85,-9999,95,-9999,-9999,-9999,692,-9999,-9999,7,-9999,-9999,524870,-9999,85,83.9714285714286,"Yes"
2020-09-23,"","",56,"Wyoming","Race Missing",1015,"race alone, unknown ethnicity",4278,4278,5169,50,9,41,41,-9999,-9999,-9999,581836,-9999,"0000","Race",80,-9999,82,-9999,-9999,-9999,-9999,-9999,-9999,-9999,-9999,-9999,-9999,-9999,-9999,80,-9999,
2020-09-23,"","",56,"Wyoming","Ethnicity Missing",1015,"race alone, unknown ethnicity",4278,4278,5169,50,9,41,41,-9999,-9999,-9999,581836,-9999,"0000","Ethnicity",-9999,80,-9999,82,-9999,-9999,-9999,-9999,-9999,-9999,-9999,-9999,-9999,-9999,-9999,80,-9999,
